"Cleanup ID",Zone,State,Country,GPS,"Cleanup Type","Cleanup Date","Group Name",Adults,Children,People,Pounds,Miles,"# of bags","Cigarette Butts","Food Wrappers (candy, chips, etc.)","Take Out/Away Containers (Plastic)","Take Out/Away Containers (Foam)","Bottle Caps (Plastic)","Bottle Caps (Metal)","Lids (Plastic)","Straws, Stirrers","Forks, Knives, Spoons","Beverage Bottles (Plastic)","Beverage Bottles (Glass)","Beverage Cans","Grocery Bags (Plastic)","Other Plastic Bags","Paper Bags","Cups, Plates (Paper)","Cups, Plates (Plastic)","Cups, Plates (Foam)","Fishing Buoys, Pots & Traps","Fishing Net & Pieces","Fishing Line (1 yard/meter = 1 piece)","Rope (1 yard/meter = 1 piece)","Fishing Gear (Clean Swell)","6-Pack Holders","Other Plastic/Foam Packaging","Other Plastic Bottles (oil, bleach, etc.)","Strapping Bands","Tobacco Packaging/Wrap","Other Packaging (Clean Swell)","Appliances (refrigerators, washers, etc.)",Balloons,"Cigar Tips","Cigarette Lighters","Construction Materials",Fireworks,Tires,Toys,"Other Trash (Clean Swell)",Condoms,Diapers,Syringes,"Tampons/Tampon Applicators","Personal Hygiene (Clean Swell)","Foam Pieces","Glass Pieces","Plastic Pieces","Total Items Collected"
1964,"Baldwin County, AL, USA","Alabama, USA","United States","30.22459, -88.02552","Land (beach, shoreline and inland)",2016-05-04,,1,0,1,2.04,0.9974,0,0,2,1,0,1,0,1,2,1,1,0,2,0,0,0,0,0,0,0,0,0,0,1,0,0,0,0,0,0,0,1,0,0,0,0,0,1,6,0,0,0,0,0,0,0,2,22
1967,"Baldwin County, AL, USA","Alabama, USA","United States","30.22932, -88.00947","Land (beach, shoreline and inland)",2016-05-08,,2,0,2,33.72,3.0282,0,26,25,25,7,34,0,20,14,10,26,2,46,33,0,0,20,0,0,0,0,0,0,20,0,0,0,0,0,11,0,3,0,0,0,0,0,11,71,0,0,0,0,0,0,0,15,419
3744,"Mobile County, AL, USA","Alabama, USA","United States","30.37855, -88.22528","Land (beach, shoreline and inland)",2016-09-08,,1,0,1,0.12,0.0083,0,0,0,0,0,0,0,0,0,0,0,0,0,0,0,0,0,0,0,0,0,0,0,0,0,0,0,0,0,0,0,0,0,0,0,0,0,0,1,0,0,0,0,0,0,0,0,1
3977,"Mobile County, AL, USA","Alabama, USA","United States","30.3785, -88.22561","Land (beach, shoreline and inland)",2016-09-16,"VAL'S PORCH",1,0,1,3.16,0.0108,0,5,0,4,0,1,0,2,1,0,1,4,8,7,0,0,0,1,0,0,0,0,0,0,0,0,0,0,0,1,0,0,0,0,0,0,0,0,1,0,0,0,0,1,0,0,17,54
5657,"Mobile County, AL, USA","Alabama, USA","United States","30.24744, -88.07746","Land (beach, shoreline and inland)",2016-09-25,"Whitesburg Christian Academy Group 2",34,0,34,4.65,0.1115,0,120,4,2,0,6,0,1,1,0,0,3,4,2,0,0,0,0,0,0,0,0,0,1,0,0,0,0,0,2,0,0,0,0,0,0,0,2,2,0,0,0,0,0,0,0,3,153
5667,"Mobile County, AL, USA","Alabama, USA","United States","30.24661, -88.08283","Land (beach, shoreline and inland)",2016-09-25,"Dauphin Island Sea Lab Whitesburg Christian Academy",32,0,32,0.46,0,0,27,0,0,0,2,0,0,1,0,0,0,1,1,0,0,0,0,0,0,0,0,0,0,0,0,0,0,0,1,0,0,0,0,0,0,0,0,1,0,0,0,0,1,0,0,0,35
5873,"Mobile County, AL, USA","Alabama, USA","United States","30.68867, -88.04657","Land (beach, shoreline and inland)",2016-09-28,,1,0,1,0.14,0.1964,0,0,1,0,0,0,0,0,1,1,1,0,1,1,0,0,0,0,0,0,0,0,0,0,0,0,0,0,0,0,0,0,0,0,0,0,0,0,0,0,0,0,0,0,0,0,0,6
5874,"Mobile County, AL, USA","Alabama, USA","United States","30.68862, -88.04661","Land (beach, shoreline and inland)",2016-09-28,"Mobile Baykeeper",1,0,1,0.18,0,0,0,0,0,0,0,0,0,0,0,0,0,6,0,0,0,0,0,0,0,0,0,0,0,0,0,0,0,0,0,0,0,0,0,0,0,0,0,0,0,0,0,0,0,0,0,0,6
5875,"Mobile County, AL, USA","Alabama, USA","United States","30.6886, -88.04658","Land (beach, shoreline and inland)",2016-09-28,"MBK #1",1,0,1,0.13,0.016,0,0,0,0,0,0,0,1,1,0,0,0,0,0,0,0,0,0,0,0,0,0,0,0,0,0,0,0,0,1,0,0,0,0,0,0,0,0,0,0,0,0,0,1,0,0,0,4
6431,"Mobile County, AL, USA","Alabama, USA","United States","30.24744, -88.07729","Land (beach, shoreline and inland)",2016-10-07,"Dauphin Island Sea Lab",23,0,23,14.64,0.0518,0,128,0,0,1,14,0,0,4,0,10,0,8,4,0,0,0,2,0,0,0,0,0,0,0,0,0,0,0,12,0,1,0,0,0,0,0,0,99,0,0,0,0,0,0,0,1,284
6677,"Mobile County, AL, USA","Alabama, USA","United States","30.24181, -88.07621","Land (beach, shoreline and inland)",2016-10-13,"Cahaba Heights",35,0,35,1.3,0.4285,0,12,4,0,0,0,0,1,1,0,2,0,2,0,0,0,0,0,0,0,0,0,0,0,0,0,0,0,0,0,0,0,0,0,0,0,0,0,7,0,0,0,0,2,0,0,3,34
7617,"Baldwin County, AL, USA","Alabama, USA","United States","30.376920123692, -87.837522625923","Land (beach, shoreline and inland)",2016-09-17,"Pelican Point",9,14,23,200,3,19,200,1,1,1,1,0,0,0,0,2,0,2,1,1,0,0,0,0,3,0,1,0,0,0,1,0,0,0,0,0,0,0,0,1,0,0,0,0,0,0,0,0,0,1,1,1,219
10733,"Madison County, AL, USA","Alabama, USA","United States","34.576775926589, -86.559248864651","Land (beach, shoreline and inland)",2016-10-29,"Cub Scout Pack 351",19,22,41,290,0.75,17,146,128,24,12,58,76,12,6,6,104,164,97,46,21,14,6,5,24,2,2,0,6,0,7,2,3,6,23,0,0,0,10,0,16,6,2,0,0,0,0,0,0,0,96,621,139,1890
11286,"Mobile County, AL, USA","Alabama, USA","United States","30.24754, -88.0774","Land (beach, shoreline and inland)",2016-11-17,"Dauphin Island Sea Lab / Everest Academy",30,0,30,4.95,105.2985,0,95,7,0,1,5,0,1,3,0,3,0,1,1,0,0,0,0,0,0,0,0,0,3,0,0,0,0,0,1,0,2,0,0,0,0,0,2,9,0,0,0,0,1,0,0,5,140
12721,"Mobile County, AL, USA","Alabama, USA","United States","30.24602, -88.07897","Land (beach, shoreline and inland)",2016-11-22,"Girl Scouts",4,0,4,1.48,0.3763,0,79,0,0,0,7,0,0,2,0,0,6,1,5,0,0,0,0,0,0,0,0,0,0,0,0,0,0,0,1,0,0,0,0,0,0,0,0,0,0,0,0,0,3,0,0,0,104
12741,"Mobile County, AL, USA","Alabama, USA","United States","30.24707, -88.077","Land (beach, shoreline and inland)",2016-11-22,"Girl Scout Troop 402",23,0,23,9.38,1.0043,0,231,23,0,4,23,0,0,7,0,1,3,1,7,0,0,0,1,0,0,0,0,0,5,0,0,0,0,0,3,0,0,0,0,0,0,0,0,19,0,0,0,0,0,0,0,1,329
13341,"Baldwin County, AL, USA","Alabama, USA","United States","30.254431229999, -87.64351978898","Land (beach, shoreline and inland)",2016-09-17,"Gulf State Park",72,19,91,238,2,39,1286,536,55,43,438,83,42,181,48,106,30,84,67,157,26,27,32,32,7,24,28,30,0,9,174,14,100,16,0,0,37,123,22,90,3,2,0,0,3,11,2,5,0,302,16,656,4947
13343,"Baldwin County, AL, USA","Alabama, USA","United States","30.406098217081, -87.437051385641","Land (beach, shoreline and inland)",2016-09-17,"Perdido Bay",15,3,18,278,3,19,60,25,0,2,32,1,36,6,0,38,10,21,7,5,0,0,0,0,0,0,1,0,0,3,2,0,0,0,0,0,6,0,0,0,3,2,0,0,0,0,1,1,0,0,0,0,262
13345,"Baldwin County, AL, USA","Alabama, USA","United States","30.280360676185, -87.518438994884","Land (beach, shoreline and inland)",2016-09-17,FloraBama,45,11,56,226,2,29,1187,287,3,64,368,192,197,690,4,81,6,73,36,32,7,32,66,15,1,5,4,31,0,1,10,1,45,26,0,0,8,46,6,5,71,0,0,0,1,1,2,4,0,97,21,147,3873
13347,"Baldwin County, AL, USA","Alabama, USA","United States","30.277006658391, -87.551212906837","Land (beach, shoreline and inland)",2016-09-17,"Perdido Pass",11,6,17,100,0.75,14,800,270,3,4,85,44,13,61,118,52,18,35,8,5,3,3,11,0,1,5,5,14,0,3,0,0,2,27,0,0,2,7,2,0,0,0,0,0,0,0,0,0,0,38,60,36,1735
13348,"Baldwin County, AL, USA","Alabama, USA","United States","30.343715694255, -87.506716400385","Watercraft (powerboat, sailboat, kayak or canoe)",2016-09-17,"Perdido Beach",27,3,30,330,7.5,20,213,68,10,2,46,93,0,6,0,35,7,32,4,7,0,5,0,6,5,7,2,1,0,0,9,11,1,1,0,0,0,1,2,11,2,0,0,0,0,1,0,0,0,44,112,26,770
13625,"Baldwin County, AL, USA","Alabama, USA",,"30.599327386173, -87.91262447834","Land (beach, shoreline and inland)",2016-09-17,Daphne,173,77,250,1800,2,97,1345,512,100,29,215,72,60,135,17,401,227,337,132,98,56,108,149,442,14,32,22,12,0,7,73,31,24,69,0,1,16,75,16,99,28,8,0,0,3,3,0,1,0,372,133,686,6160
13626,"Baldwin County, AL, USA","Alabama, USA","United States","30.415368731871, -87.825875803828","Watercraft (powerboat, sailboat, kayak or canoe)",2016-09-17,"Weeks Bay",36,9,45,700,4,40,260,45,10,42,42,21,14,15,6,185,51,97,44,15,4,6,12,40,10,4,18,12,0,2,12,23,1,15,0,2,9,6,8,38,0,1,0,0,1,5,0,0,0,55,16,57,1204
13627,"Baldwin County, AL, USA","Alabama, USA","United States","30.355920737233, -87.601423189044","Watercraft (powerboat, sailboat, kayak or canoe)",2016-09-17,"Wolf Bay",24,5,29,136,5,0,23,18,2,4,7,5,2,3,0,39,16,49,6,19,0,11,10,14,1,0,3,3,0,0,13,3,2,1,0,0,0,0,3,17,4,0,0,0,1,0,0,0,0,8,2,21,310
13628,"Baldwin County, AL, USA","Alabama, USA","United States","30.251792264964, -87.816000580788","Land (beach, shoreline and inland)",2016-09-17,"Fort Morgan",82,4,86,1682,13,96,1939,554,111,154,1373,116,134,91,142,764,180,453,183,231,19,112,104,186,32,76,292,111,0,18,268,85,166,141,0,4,76,200,52,109,64,6,0,0,8,5,3,61,0,596,120,1320,10659
13631,"Baldwin County, AL, USA","Alabama, USA","United States","30.304219998694, -87.728966921568","Land (beach, shoreline and inland)",2016-09-17,"Bon Secour",111,88,199,700,3,81,802,816,160,124,189,168,246,307,35,415,298,622,242,248,52,46,66,112,9,14,6,14,0,0,125,110,26,155,0,0,2,10,11,46,1,1,0,0,2,4,6,1,0,139,141,236,6007
13655,"Mobile County, AL, USA","Alabama, USA","United States","30.25160690918, -88.102385401726","Land (beach, shoreline and inland)",2016-09-17,"Dauphin Island",492,57,549,2716,7,76,2417,427,73,79,426,212,169,211,54,368,76,250,132,48,18,27,70,86,13,23,350,22,0,17,53,9,29,46,0,3,65,96,19,52,0,1,0,0,1,15,3,6,0,278,85,466,6795
13657,"Baldwin County, AL, USA","Alabama, USA","United States","30.523428507459, -87.912368327379","Land (beach, shoreline and inland)",2016-09-17,Fairhope,339,326,665,2500,15,0,1221,198,42,39,321,132,160,147,42,300,81,119,33,17,4,62,17,15,2,18,21,8,0,6,20,13,20,18,0,1,73,403,7,131,39,9,0,0,4,5,0,9,0,313,119,160,4349
13658,"Baldwin County, AL, USA","Alabama, USA","United States","30.321442718913, -87.533968314528","Watercraft (powerboat, sailboat, kayak or canoe)",2016-09-17,Josephine,23,2,25,610,2,20,40,18,20,12,14,11,12,34,12,35,19,35,12,5,0,4,8,19,6,3,2,7,0,2,6,10,0,6,0,0,0,0,3,13,0,0,0,0,0,1,3,0,0,22,9,18,421
13659,"Mobile County, AL, USA","Alabama, USA","United States","30.582426184103, -88.073889613152","Land (beach, shoreline and inland)",2016-09-17,"West Mobile Bay",79,52,131,1336,4,84,738,1237,91,92,299,113,131,95,24,1170,164,988,266,102,139,167,117,132,19,11,16,14,0,23,39,79,17,550,0,2,5,123,43,63,9,48,0,0,11,6,2,5,0,451,137,361,8099
13660,"Baldwin County, AL, USA","Alabama, USA","United States","30.284150022448, -87.554648816586","Watercraft (powerboat, sailboat, kayak or canoe)",2016-09-17,"Boggy Point",22,8,30,105,5,11,276,3,7,1,4,17,1,12,1,18,0,25,20,4,0,5,3,0,3,1,5,0,0,0,0,0,0,5,0,0,0,0,6,3,0,0,0,0,0,0,0,0,0,66,0,65,551
13661,"Mobile County, AL, USA","Alabama, USA","United States","30.628892779955, -88.10248196125","Watercraft (powerboat, sailboat, kayak or canoe)",2016-09-17,"Dog River",111,108,219,385,2,122,576,1188,227,975,768,272,516,487,118,842,307,555,557,122,69,150,253,824,14,7,259,19,0,33,210,137,37,473,0,1,1,279,89,22,1,21,0,0,21,16,1,13,0,1272,283,466,12481
13972,"Baldwin County, AL, USA","Alabama, USA","United States","30.247496554816, -87.69060999155","Land (beach, shoreline and inland)",2016-09-17,"Gulf Shores",147,83,230,1500,4,0,7711,971,71,85,615,221,157,856,127,217,44,170,112,147,45,65,71,85,13,69,27,26,0,7,178,7,113,257,0,6,124,286,12,58,19,0,0,0,8,15,5,3,0,502,45,1391,14941
13980,"Mobile County, AL, USA","Alabama, USA","United States","30.781926110619, -88.073284775019","Land (beach, shoreline and inland)",2016-09-17,Chickasaw,38,12,50,2735,5,29,288,121,29,22,27,37,25,34,11,113,41,116,35,17,12,19,11,28,0,2,3,0,0,0,35,9,0,38,0,0,1,8,1,23,0,5,0,0,4,2,0,0,0,33,120,140,1410
13999,"Mobile County, AL, USA","Alabama, USA","United States","30.534217386074, -88.123849779367","Land (beach, shoreline and inland)",2016-09-17,"Theodore Industrial Canal",60,60,120,3500,9,362,187,261,290,160,122,48,48,38,32,351,332,368,36,42,45,153,86,101,12,8,19,15,0,62,22,56,18,68,0,6,8,54,38,92,6,35,0,0,3,8,0,6,0,121,340,68,3765
14002,"Baldwin County, AL, USA","Alabama, USA","United States","30.747810877988, -87.924080193043","Land (beach, shoreline and inland)",2016-09-17,"Blakeley State Park",5,0,5,40,0.25,4,3,27,0,5,2,2,2,1,0,24,6,10,4,2,1,1,1,0,2,0,3,0,0,0,8,1,0,1,0,0,0,0,3,3,0,0,0,0,0,0,0,0,0,8,3,24,147
14012,"Baldwin County, AL, USA","Alabama, USA","United States","30.293471052444, -87.485250011086","Watercraft (powerboat, sailboat, kayak or canoe)",2016-09-17,"Ono Island",23,0,23,351,3,22,25,49,16,18,42,4,12,11,3,107,8,73,29,16,0,31,12,35,4,1,7,14,0,1,8,16,2,4,0,0,2,2,5,22,7,0,0,0,6,3,1,4,0,11,3,15,629
14024,"Mobile County, AL, USA","Alabama, USA","United States","30.786866374972, -88.101690709591","Land (beach, shoreline and inland)",2016-09-17,Chickasabogue,215,35,250,3787,5,95,1536,564,34,63,205,193,46,72,10,299,147,329,107,51,128,66,30,57,1,2,14,0,0,23,136,11,9,75,0,2,13,40,7,75,1,32,0,0,5,3,5,2,0,175,190,263,5021
14025,"Mobile County, AL, USA","Alabama, USA","United States","30.445380925465, -88.114573359489","Watercraft (powerboat, sailboat, kayak or canoe)",2016-10-15,"Fowl River",34,0,34,585,5,39,140,263,40,64,90,42,45,39,29,244,177,217,105,44,19,24,39,89,0,0,0,4,0,6,20,10,5,81,0,0,1,11,12,37,7,8,0,0,0,1,1,2,0,426,125,161,2628
14122,"Baldwin County, AL, USA","Alabama, USA","United States","30.679339450493, -87.992703840137","Watercraft (powerboat, sailboat, kayak or canoe)",2016-09-17,"Mobile Bay Causeway",80,0,80,1000,3,40,1463,619,203,130,223,191,205,140,84,807,396,786,235,182,69,47,166,317,175,65,28,64,0,42,72,21,14,186,0,0,1,100,15,75,7,21,0,0,17,25,4,2,0,511,301,403,8412
14133,"Conecuh County, AL, USA","Alabama, USA","United States","31.301338734835, -86.716703251004","Watercraft (powerboat, sailboat, kayak or canoe)",2016-09-17,"Bull Slough Landing, Sepulga River",6,0,6,57,0.25,4,44,22,4,0,8,15,6,2,3,25,22,44,14,1,5,2,4,4,0,0,1,1,0,0,7,1,0,13,0,0,0,1,0,1,0,1,0,0,0,0,0,1,0,37,22,11,322
14134,"Conecuh County, AL, USA","Alabama, USA","United States","31.262181997978, -86.761774420738","Watercraft (powerboat, sailboat, kayak or canoe)",2016-09-17,"Brooklyn Landing, Sepulga River & Bottle Creek",10,0,10,55,0.25,8,43,111,44,21,21,28,15,6,0,53,43,72,22,3,8,2,9,11,2,0,1,0,0,1,0,0,7,10,0,0,0,1,1,0,0,1,0,0,0,6,0,1,0,77,17,31,668
14136,"Montgomery County, AL, USA","Alabama, USA","United States","32.339728226626, -86.21386885643","Land (beach, shoreline and inland)",2016-09-17,"Ida Bell Young Park, White Slough Branch",9,19,28,60,1,5,0,61,9,2,0,0,5,2,3,24,0,9,19,44,24,33,12,12,0,0,0,0,0,0,0,0,2,2,0,0,6,1,3,1,0,4,0,0,0,0,0,0,0,6,0,26,310
14138,"Escambia County, AL, USA","Alabama, USA","United States","31.10286409312, -87.07668453455","Land (beach, shoreline and inland)",2016-09-17,"Jennings Park, Burnt Corn Creek Brewton",34,9,43,130,2,8,65,75,12,38,31,14,5,8,20,63,26,37,4,13,4,7,1,24,0,0,0,0,0,0,11,3,8,4,0,1,0,0,8,14,7,2,0,0,0,1,0,2,0,9,48,74,639
14139,"Escambia County, AL, USA","Alabama, USA","United States","31.100597304068, -87.067766189575","Watercraft (powerboat, sailboat, kayak or canoe)",2016-09-17,"Murder Creek, Brewton",15,1,16,205,8,51,26,18,0,13,14,15,0,0,1,175,32,176,3,0,0,1,0,18,3,2,14,6,0,7,0,20,0,3,0,2,0,0,3,0,0,1,0,0,0,0,0,0,0,0,0,0,553
14157,"Mobile County, AL, USA","Alabama, USA","United States","30.7070101301, -88.152590990067","Land (beach, shoreline and inland)",2016-09-17,"Three Mile Creek Municipal Park",180,88,268,5000,2,0,900,816,112,71,342,260,143,204,34,228,100,120,41,168,46,40,52,137,1,21,5,20,0,8,83,41,11,78,0,0,43,137,9,57,1,1,0,0,7,0,1,1,0,328,654,1198,6519
14223,"Escambia County, AL, USA","Alabama, USA","United States","31.010451519326, -87.263263016939","Watercraft (powerboat, sailboat, kayak or canoe)",2016-09-17,"Big Escambia Creek, Flomaton",17,1,18,114,17,40,13,29,17,77,63,19,2,10,32,110,26,171,38,3,0,21,6,46,5,0,10,0,0,3,0,13,1,3,0,0,2,1,9,15,2,1,0,0,0,3,0,0,0,10,45,3,809
14228,"Escambia County, AL, USA","Alabama, USA","United States","31.129815672959, -87.370126247406","Land (beach, shoreline and inland)",2016-09-17,"Big Escambia Creek Magnolia Branch",12,0,12,20,3,3,16,25,4,8,12,2,12,11,18,46,8,25,13,0,0,21,7,3,0,0,2,0,0,3,2,1,0,7,0,0,0,2,15,0,2,0,0,0,0,18,0,3,0,2,21,13,322
14229,"Escambia County, AL, USA","Alabama, USA","United States","31.003527132153, -87.164196968079","Watercraft (powerboat, sailboat, kayak or canoe)",2016-09-17,"Escambia/Conecuh River, AL and FL",23,9,32,455,46,166,0,62,25,53,70,35,26,34,16,314,70,743,12,13,0,0,18,40,2,9,11,4,0,12,12,76,4,20,0,4,0,2,12,5,0,0,0,0,0,5,0,0,0,319,163,3,2194
14230,"Escambia County, AL, USA","Alabama, USA","United States","31.010607840986, -87.182704210281","Watercraft (powerboat, sailboat, kayak or canoe)",2016-09-17,"Little Escambia Creek",6,1,7,80,4,18,2,6,4,12,3,3,5,0,10,20,20,70,2,0,3,0,0,8,1,0,3,0,0,2,3,10,0,3,0,0,0,0,1,0,0,2,0,0,0,0,0,0,0,0,0,0,193
14234,"Conecuh County, AL, USA","Alabama, USA","United States","31.442577394381, -86.947174072266","Land (beach, shoreline and inland)",2016-09-17,"Sparta Academy Sandy Creek",17,2,19,43,0.5,5,16,58,55,6,43,13,8,4,2,8,1,8,2,3,1,6,6,6,0,0,0,7,0,0,5,5,9,1,0,0,12,0,14,0,0,0,0,0,0,0,0,0,0,7,5,9,320
14236,"Covington County, AL, USA","Alabama, USA","United States","31.263401736516, -86.471929550171","Land (beach, shoreline and inland)",2016-09-17,"Bay Branch Road Andalusia",15,0,15,60,1,6,114,45,0,2,9,3,3,9,0,27,4,39,9,16,7,6,4,8,0,1,0,0,0,2,19,0,1,4,0,0,0,0,0,5,0,0,0,0,0,0,0,0,0,34,0,26,397
14237,"Pike County, AL, USA","Alabama, USA","United States","31.804205580024, -86.047958135605","Watercraft (powerboat, sailboat, kayak or canoe)",2016-09-17,"Conecuh River Hwy 29 Bridge",28,0,28,200,2,20,24,56,14,15,28,12,20,9,5,94,53,48,26,32,28,47,29,35,8,1,10,7,0,3,18,9,1,14,0,0,0,2,3,1,1,0,0,0,6,3,0,7,0,10,23,47,749
14249,"Covington County, AL, USA","Alabama, USA","United States","31.367619597713, -86.590560972691","Watercraft (powerboat, sailboat, kayak or canoe)",2016-09-17,"Adams Creek",3,0,3,20,0.75,4,22,32,5,21,2,2,3,18,1,100,20,63,4,19,9,20,1,17,0,0,0,0,0,0,0,0,0,0,0,0,0,0,5,3,0,0,0,0,0,0,0,0,0,17,0,0,384
14250,"Covington County, AL, USA","Alabama, USA","United States","31.348886258766, -86.529420018196","Watercraft (powerboat, sailboat, kayak or canoe)",2016-09-17,"Conecuh River Covington County",6,0,6,30,0.75,4,5,35,0,3,0,0,2,7,3,38,8,43,6,22,5,26,5,26,0,0,0,0,0,3,0,0,0,2,0,0,0,0,2,3,0,1,0,0,0,0,0,0,0,0,0,0,245
16827,"Mobile County, AL, USA","Alabama, USA","United States","30.246, -88.07791","Land (beach, shoreline and inland)",2017-03-16,"Dauphin Island Sea Lab -Thomasville High School",32,0,32,0.31,0.1759,0,7,1,1,0,0,0,0,0,0,3,0,0,2,0,0,0,0,0,0,0,0,0,0,0,0,0,0,0,0,0,0,0,0,0,0,0,0,0,0,0,0,0,0,0,0,0,14
17007,"Mobile County, AL, USA","Alabama, USA","United States","30.24656, -88.07711","Land (beach, shoreline and inland)",2017-03-22,"Weatherly 5th grade",38,0,38,2.8,0.0936,0,46,7,2,3,0,0,0,2,1,0,3,0,0,0,0,0,0,0,0,0,0,0,0,0,0,0,0,0,1,0,0,0,0,0,0,0,0,3,0,0,0,0,0,0,0,4,72
17257,"Randolph County, AL, USA","Alabama, USA","United States","33.366332468656, -85.497548729181","Land (beach, shoreline and inland)",2016-10-08,"Rivers Alive - Tallapoosa River",16,0,16,36,0.25,19,25,0,0,0,0,0,0,0,0,20,20,10,0,0,0,0,0,0,0,0,0,0,0,2,0,0,0,5,0,0,0,0,0,0,0,5,0,0,0,0,0,0,0,0,0,0,87
18090,"Baldwin County, AL, USA","Alabama, USA","United States","30.245610460931, -87.690510749817",Underwater,2016-10-22,"Project Aware",26,0,26,11.5,1.88,0,13,0,0,0,0,0,0,0,1,0,0,3,0,0,0,0,0,0,0,0,0,0,0,0,0,0,0,0,0,0,0,0,0,0,0,0,2,0,0,0,0,0,0,0,0,0,19
19214,"Baldwin County, AL, USA","Alabama, USA","United States","30.2654, -87.69449","Land (beach, shoreline and inland)",2017-06-08,,1,0,1,2.17,0.0137,0,4,3,2,1,5,0,0,1,1,1,0,2,1,0,0,0,0,0,0,0,0,0,1,0,0,0,0,0,0,0,0,0,0,0,0,0,2,1,0,0,0,0,0,0,0,6,31
19268,"Baldwin County, AL, USA","Alabama, USA","United States","30.29293, -87.63208","Land (beach, shoreline and inland)",2017-06-09,,1,0,1,1.42,0.0168,0,0,0,1,0,0,0,0,0,0,3,1,12,1,0,0,0,0,0,0,0,0,0,0,0,0,0,0,0,1,0,0,0,0,0,0,0,0,2,0,0,0,0,0,0,0,0,21
19310,"Baldwin County, AL, USA","Alabama, USA","United States","30.2654, -87.69451","Land (beach, shoreline and inland)",2017-06-10,,1,0,1,0.31,0.0039,0,0,1,0,1,0,0,1,0,0,2,0,1,0,0,0,0,0,0,0,0,0,0,0,0,0,0,0,0,1,0,0,0,0,0,0,0,0,0,0,0,0,0,0,0,0,0,7
20136,"Baldwin County, AL, USA","Alabama, USA","United States","30.34458, -87.51204","Watercraft (powerboat, sailboat, kayak or canoe)",2017-07-09,"Sailboat trash",1,0,1,0.27,0.0131,0,0,2,0,0,0,0,0,0,0,3,0,2,0,0,0,0,0,0,0,0,0,0,0,0,0,0,0,0,0,0,0,0,0,0,0,0,0,0,0,0,0,0,0,0,0,0,7
20584,"Baldwin County, AL, USA","Alabama, USA","United States","30.29027, -87.68441","Land (beach, shoreline and inland)",2017-07-30,"Beach trash GSP",2,0,2,5.65,1.3524,0,7,2,1,2,0,0,0,3,1,5,5,2,3,0,0,0,0,0,0,0,0,0,3,0,0,0,0,0,3,0,0,0,0,0,0,0,1,0,0,0,0,0,0,0,0,8,46
21577,"Pike County, AL, USA","Alabama, USA","United States","31.77286, -85.97525","Land (beach, shoreline and inland)",2017-09-09,"Choctawhatchee Riverkeeper ",3,0,3,240,0,0,0,1,1,1,1,0,1,0,1,1,1,1,1,0,0,0,1,0,0,0,0,0,0,0,0,0,0,0,1,0,0,0,0,0,0,0,0,1,0,0,0,0,0,0,0,1,14
22209,"Marshall County, AL, USA","Alabama, USA","United States","34.47823, -86.22207","Land (beach, shoreline and inland)",2017-09-16,"Pack 13",2,0,2,5.11,5,0,5,2,3,0,7,0,3,1,0,9,3,1,4,0,0,0,1,0,0,0,0,0,0,0,0,0,0,0,6,0,0,0,0,0,0,0,0,15,0,0,0,0,0,0,0,40,100
24271,"Mobile County, AL, USA","Alabama, USA","United States","30.770712224186, -88.076040744781","Land (beach, shoreline and inland)",2017-09-16,"Pam Vernon",1,0,1,50,0.25,0,0,0,0,0,0,0,0,0,0,0,0,0,0,0,1,0,0,2,0,0,0,0,0,0,0,2,0,0,0,0,0,0,1,0,0,0,0,0,0,0,0,0,0,0,0,0,6
26329,"Pike County, AL, USA","Alabama, USA","United States","31.77276, -85.97551","Land (beach, shoreline and inland)",2017-09-17,"Choctawhatchee Riverkeeper ",1,0,1,80,0,0,1,2,1,1,1,0,1,1,1,1,1,1,2,0,0,0,1,0,0,0,0,0,0,0,0,0,0,0,1,0,0,0,0,0,0,0,0,1,0,0,0,0,1,0,0,1,19
27535,"Mobile County, AL, USA","Alabama, USA","United States","30.25132, -88.08443","Land (beach, shoreline and inland)",2017-11-12,"Justice league",7,0,7,9.26,4.4986,0,33,20,1,1,8,0,6,7,0,14,4,8,18,0,0,0,5,0,0,0,0,0,2,0,0,0,0,0,9,0,0,0,0,0,0,0,0,18,0,0,0,0,4,0,0,76,234
27536,"Mobile County, AL, USA","Alabama, USA","United States","30.24736, -88.0753","Land (beach, shoreline and inland)",2017-11-12,"Justice league",7,0,7,2.25,0.4347,0,0,0,0,4,0,0,0,0,0,8,1,5,0,0,0,0,3,0,0,0,0,0,0,0,0,0,0,0,3,0,0,0,0,0,0,0,0,3,0,0,0,0,0,0,0,28,55
27551,"Mobile County, AL, USA","Alabama, USA","United States","30.24672, -88.07569","Land (beach, shoreline and inland)",2017-11-12,"Justice league",7,0,7,6.12,1.063,0,5,3,1,0,3,0,0,3,0,8,4,9,1,0,0,0,2,0,0,0,0,0,3,0,0,0,0,0,1,0,0,0,0,0,0,0,0,11,0,0,0,0,0,0,0,14,68
28810,"Baldwin County, AL, USA","Alabama, USA","United States","30.293307229789, -87.485143393278","Watercraft (powerboat, sailboat, kayak or canoe)",2017-09-16,"Ono Island",38,2,40,491,16,31,30,25,10,0,12,0,0,11,6,30,11,72,10,0,0,16,0,0,1,2,0,4,0,5,4,10,0,0,0,0,0,2,4,20,0,0,0,0,0,2,0,0,0,0,0,0,287
28812,"Baldwin County, AL, USA","Alabama, USA","United States","30.52352653416, -87.912330776453","Land (beach, shoreline and inland)",2017-09-16,Fairhope,482,268,750,5000,15,0,2106,272,54,41,433,112,260,171,59,281,154,112,66,17,10,58,41,33,7,19,39,22,0,19,27,12,33,14,0,1,43,349,1,307,48,12,0,0,0,16,0,4,0,389,97,301,6040
29317,"Baldwin County, AL, USA","Alabama, USA","United States","30.34382448858, -87.506623864174","Watercraft (powerboat, sailboat, kayak or canoe)",2017-09-16,"Perdido Beach",35,6,41,703,29,35,335,55,21,5,32,24,25,15,0,126,18,87,11,35,5,15,19,15,5,5,20,9,0,1,25,12,2,8,0,1,0,0,0,90,7,9,0,0,0,0,0,0,0,15,50,43,1145
29318,"Mobile County, AL, USA","Alabama, USA","United States","30.582555494104, -88.074018359184","Watercraft (powerboat, sailboat, kayak or canoe)",2017-09-16,"West Mobile Bay",103,48,151,1136,4,69,1093,678,196,272,415,179,177,222,102,965,177,256,270,101,93,72,78,138,38,54,120,43,0,26,100,85,12,107,0,4,12,74,40,76,0,105,0,0,32,12,10,6,0,1207,375,1183,9205
29320,"Baldwin County, AL, USA","Alabama, USA","United States","30.228666431877, -87.831165790558","Land (beach, shoreline and inland)",2017-09-16,"Fort Morgan Peninsula",92,3,95,1961,12,114,891,584,109,73,1399,188,271,218,181,735,192,480,146,98,9,22,127,113,31,41,93,101,0,16,99,89,61,91,0,5,76,196,37,151,81,12,0,0,0,7,3,27,0,642,82,1190,8967
29343,"Baldwin County, AL, USA","Alabama, USA","United States","30.355911479291, -87.60140106082","Watercraft (powerboat, sailboat, kayak or canoe)",2017-09-16,"Wolf Bay",23,30,53,1848,8,26,52,29,25,27,54,13,26,6,5,124,93,71,17,15,3,15,25,64,13,13,5,14,0,12,18,21,12,20,0,0,6,5,14,100,7,0,0,0,1,0,0,6,0,78,38,119,1166
29378,"Baldwin County, AL, USA","Alabama, USA","United States","30.321473777656, -87.533995807171","Watercraft (powerboat, sailboat, kayak or canoe)",2017-09-16,Josephine,21,3,24,686,11.5,20,109,180,23,20,181,33,40,27,0,169,45,220,31,19,5,10,21,51,6,2,7,13,0,1,4,7,4,7,0,0,27,7,14,52,6,2,0,0,0,8,0,1,0,84,86,191,1713
31011,"Baldwin County, AL, USA","Alabama, USA","United States","30.41538029726, -87.825938165188","Land (beach, shoreline and inland)",2017-09-16,"Weeks Bay",80,0,80,750,4,0,527,93,13,6,90,48,26,38,2,104,119,170,21,58,26,36,24,40,3,18,13,2,0,3,31,2,21,23,0,0,2,27,1,60,1,14,0,0,0,0,5,0,0,79,15,228,1989
31012,"Baldwin County, AL, USA","Alabama, USA","United States","30.599483803493, -87.912577539682","Land (beach, shoreline and inland)",2017-09-16,Daphne,228,104,332,700,10,76,442,346,37,53,175,43,121,91,39,502,322,373,92,101,16,88,125,210,17,11,22,27,0,3,68,9,13,31,0,4,13,145,8,19,8,1,0,0,9,12,1,5,0,210,87,348,4247
31013,"Baldwin County, AL, USA","Alabama, USA","United States","30.283942786834, -87.554697096348","Watercraft (powerboat, sailboat, kayak or canoe)",2017-09-16,"Boggy Point",42,9,51,425,7,22,998,107,23,10,151,112,44,70,6,56,17,27,18,8,1,4,3,21,1,5,11,19,0,2,68,5,24,36,0,0,3,18,7,20,7,2,0,0,0,2,1,0,0,165,26,222,2320
31014,"Baldwin County, AL, USA","Alabama, USA","United States","30.254477776995, -87.643527835608","Land (beach, shoreline and inland)",2017-09-16,"Gulf State Park",78,8,86,327,2,40,1526,314,24,4,622,93,39,156,40,218,46,93,60,92,17,19,35,67,10,27,18,81,0,2,66,9,40,11,0,0,48,62,4,83,6,0,0,0,4,7,0,21,0,167,173,807,5111
31015,"Baldwin County, AL, USA","Alabama, USA","United States","30.280657322736, -87.518445029855","Land (beach, shoreline and inland)",2017-09-16,FloraBama,79,17,96,352,8,70,3678,335,37,29,300,304,115,1091,49,146,70,487,52,32,26,56,278,76,1,3,1,5,0,0,12,2,60,46,0,0,2,55,12,134,19,4,0,0,7,2,1,7,0,157,40,495,8226
31021,"Mobile County, AL, USA","Alabama, USA","United States","30.534243523634, -88.123780041933","Land (beach, shoreline and inland)",2017-09-16,"Theodore Industrial Canal",30,40,70,3000,9,345,160,242,268,148,116,58,36,31,26,276,204,342,48,31,30,136,74,81,8,15,10,12,0,51,26,42,8,42,0,6,4,38,24,80,2,21,0,0,1,12,0,8,0,229,204,948,4098
31022,"Baldwin County, AL, USA","Alabama, USA","United States","30.255208448412, -87.715733572841","Watercraft (powerboat, sailboat, kayak or canoe)",2017-09-16,"Little Lagoon",55,44,99,2000,2,0,112,121,14,13,240,10,57,17,8,86,27,96,30,19,3,8,15,12,6,5,10,19,0,0,2,5,5,5,0,0,1,2,13,25,0,0,0,0,0,1,0,1,0,53,5,101,1147
31023,"Baldwin County, AL, USA","Alabama, USA","United States","30.405950999621, -87.436850219965","Land (beach, shoreline and inland)",2017-09-16,"Perdido Bay",29,7,36,472,0.5,13,102,44,2,6,16,19,3,5,6,41,14,54,7,11,2,2,1,11,2,0,0,4,0,3,8,0,4,9,0,1,1,0,4,6,8,11,0,0,2,3,0,1,0,12,7,93,525
31025,"Madison County, AL, USA","Alabama, USA","United States","34.57998652155, -86.730899512768","Land (beach, shoreline and inland)",2017-09-16,"Triana Boat Ramp",48,0,48,600,0.25,10,66,232,55,40,97,67,46,24,25,208,88,136,29,75,10,18,15,34,2,7,27,9,0,24,158,14,28,9,0,0,2,8,31,168,5,2,0,0,1,0,0,0,0,150,619,345,2874
31026,"Mobile County, AL, USA","Alabama, USA","United States","30.25160690918, -88.102519512177","Land (beach, shoreline and inland)",2017-09-16,"Dauphin Island",723,229,952,5000,25,0,3411,511,152,67,946,451,187,289,129,460,112,456,105,141,35,40,91,105,32,81,183,152,0,7,297,47,77,74,0,0,31,208,30,448,23,16,0,0,8,6,5,13,0,790,294,1739,12249
31055,"Mobile County, AL, USA","Alabama, USA","United States","30.786880021399, -88.101414442062","Land (beach, shoreline and inland)",2017-09-16,Chickasabogue,75,143,218,1262,3,149,726,220,27,43,98,145,100,73,44,228,279,166,67,105,14,71,31,83,0,2,0,4,0,7,33,12,3,17,0,2,65,121,3,15,0,48,0,0,6,2,2,2,0,390,149,364,3767
31056,"Mobile County, AL, USA","Alabama, USA","United States","30.781919592952, -88.073459118605","Land (beach, shoreline and inland)",2017-09-16,Chickasaw,72,8,80,2200,4,140,74,58,14,10,15,10,23,16,18,178,78,122,17,9,14,9,12,47,2,15,3,0,0,3,9,10,7,7,0,1,0,8,8,21,2,32,0,0,3,0,1,1,0,134,42,79,1112
31057,"Conecuh County, AL, USA","Alabama, USA","United States","31.262181997978, -86.76176905632","Land (beach, shoreline and inland)",2017-09-16,"Brooklyn Landing, Sepulga River & Bottle Creek",6,0,6,73,0.5,8,30,12,8,3,10,17,5,0,0,27,56,146,6,12,36,7,10,20,1,0,0,0,0,0,2,3,0,1,0,2,0,0,0,3,0,1,0,0,0,2,0,0,0,12,10,30,472
31058,"Conecuh County, AL, USA","Alabama, USA","United States","31.301453324996, -86.717249751091","Land (beach, shoreline and inland)",2017-09-16,"Bull Slough Bridge Landing",5,0,5,14,0.25,1,10,3,1,0,3,6,0,0,0,6,8,10,0,0,0,0,1,1,0,0,0,0,0,0,0,0,0,0,0,0,0,0,0,0,0,0,0,0,0,0,0,0,0,0,0,0,49
31059,"Conecuh County, AL, USA","Alabama, USA","United States","31.301581665811, -86.717265844345","Watercraft (powerboat, sailboat, kayak or canoe)",2017-09-16,"Sepulga River Bull Slough to Brooklyn",4,0,4,149,6,5,0,2,1,0,0,6,1,0,2,3,1,20,1,0,0,3,0,1,0,0,0,0,0,0,0,2,0,1,0,0,0,0,0,2,0,1,0,0,0,1,0,0,0,16,0,0,64
31060,"Conecuh County, AL, USA","Alabama, USA","United States","31.407650476883, -86.729958057404","Land (beach, shoreline and inland)",2017-09-16,"Sepulga River Staples Bridge @ Hwy 84",2,0,2,30,0.25,1,0,0,0,0,0,0,0,0,0,10,6,16,0,0,0,10,8,0,0,0,0,0,0,1,0,0,0,0,0,0,0,0,0,1,0,0,0,0,0,0,0,0,0,0,0,0,52
31061,"Conecuh County, AL, USA","Alabama, USA","United States","31.444179234467, -86.798585057259","Land (beach, shoreline and inland)",2017-09-16,"Old Town Creek County Road 63",1,0,1,16,0.25,1,13,17,7,2,3,0,2,1,0,13,3,35,1,2,1,10,2,3,0,0,0,0,0,2,0,2,0,12,0,0,0,0,0,0,0,0,0,0,1,0,0,0,0,0,0,0,132
31062,"Conecuh County, AL, USA","Alabama, USA","United States","31.454256468849, -86.786091327667","Land (beach, shoreline and inland)",2017-09-16,"Sepulga River Travis Bridge @ Hwy 31",2,0,2,44,0.25,3,17,32,2,1,16,6,2,1,1,48,36,62,8,22,1,27,24,3,0,0,0,1,0,0,3,6,0,0,0,0,0,0,0,0,0,0,0,0,0,0,3,7,0,2,0,0,331
31063,"Mobile County, AL, USA","Alabama, USA","United States","30.629213577846, -88.102152049541","Watercraft (powerboat, sailboat, kayak or canoe)",2017-09-16,"Dog River",200,0,200,2400,2,53,215,509,128,80,233,63,84,182,75,331,70,275,79,28,21,17,49,97,0,1,4,3,0,1,18,14,1,71,0,1,0,52,6,5,0,1,0,0,1,3,0,1,0,341,64,154,3278
31064,"Baldwin County, AL, USA","Alabama, USA","United States","30.30417724731, -87.728983014822","Land (beach, shoreline and inland)",2017-09-16,"Bon Secour",63,0,63,620,2,41,484,976,183,93,158,67,138,147,50,562,238,639,701,101,59,57,83,121,0,13,4,9,0,5,619,21,9,647,0,2,3,61,11,38,3,4,0,0,0,10,2,2,0,797,252,421,7790
31089,"Montgomery County, AL, USA","Alabama, USA","United States","32.340067611635, -86.213890314102","Land (beach, shoreline and inland)",2017-09-16,"Ida Bell Young Park, White Slough Branch",3,6,9,22,1,6,1,19,1,8,0,1,2,5,5,4,0,3,11,0,0,5,0,11,0,0,0,0,0,0,0,0,0,0,0,0,0,0,0,3,0,0,0,0,0,0,0,0,0,0,0,1,80
31091,"Covington County, AL, USA","Alabama, USA","United States","31.308718056725, -86.531032025814","Land (beach, shoreline and inland)",2017-09-16,"Prestwood Bridge Road",4,0,4,35,4,4,45,40,2,4,21,4,2,23,6,46,4,12,6,4,4,0,0,0,0,0,0,0,0,2,0,0,1,2,0,0,0,0,0,8,0,0,0,0,0,0,0,0,0,233,26,45,540
31093,"Covington County, AL, USA","Alabama, USA","United States","31.278271190774, -86.484600305557","Land (beach, shoreline and inland)",2017-09-16,"Bay Branch Road Andalusia",3,6,9,200,0.25,12,150,140,70,10,75,50,20,35,5,30,20,40,10,0,5,0,0,0,0,0,0,0,0,1,0,0,0,15,0,0,3,0,0,45,0,15,0,0,0,0,0,0,0,200,50,100,1089
31094,"Escambia County, AL, USA","Alabama, USA","United States","31.020372838761, -87.206060886383","Watercraft (powerboat, sailboat, kayak or canoe)",2017-09-16,"Little Escambia Creek Hwy 31",6,2,8,46,2,8,2,12,8,13,8,8,5,2,6,16,4,10,2,2,1,0,0,8,0,1,1,1,0,3,2,2,0,4,0,0,1,3,4,0,0,0,0,0,0,0,0,0,0,30,10,3,172
31095,"Escambia County, AL, USA","Alabama, USA","United States","31.020800379357, -87.20724105835","Watercraft (powerboat, sailboat, kayak or canoe)",2017-09-16,"Little Escambia River Twin Bridges",4,1,5,50,3,6,1,3,3,10,6,3,1,2,10,3,16,3,2,0,0,0,0,0,0,0,1,1,0,2,0,3,1,4,0,0,0,0,2,0,0,0,0,0,0,0,0,0,0,25,25,3,130
31100,"Escambia County, AL, USA","Alabama, USA","United States","31.003720249369, -87.164390087128","Watercraft (powerboat, sailboat, kayak or canoe)",2017-09-16,"Pollard Landing Conecuh River",8,2,10,100,3,10,10,6,6,7,6,2,6,5,8,40,10,15,1,3,0,4,3,6,1,3,3,1,0,1,1,1,2,0,0,0,0,0,4,0,0,1,0,0,0,1,0,0,0,20,20,1,198
31101,"Pike County, AL, USA","Alabama, USA","United States","31.804232933853, -86.048204898834","Land (beach, shoreline and inland)",2017-09-16,"Conecuh River Bridge Hwy 29 Pike County AL",21,0,21,400,2,23,23,84,10,6,12,20,10,6,5,48,36,63,22,34,14,3,5,13,1,3,4,0,0,1,19,1,1,15,0,0,2,4,2,14,1,12,0,0,0,3,0,3,0,29,23,31,583
31102,"Escambia County, AL, USA","Alabama, USA","United States","31.128722786839, -87.369305491447","Land (beach, shoreline and inland)",2017-09-16,,6,0,6,423,6,5,5,5,0,0,10,13,5,0,0,50,10,60,5,3,13,15,0,0,0,0,0,0,0,0,3,17,0,0,0,0,0,0,0,10,0,0,0,0,0,0,0,1,0,0,0,0,225
31293,"Baldwin County, AL, USA","Alabama, USA","United States","30.679562056162, -87.993830367923","Land (beach, shoreline and inland)",2017-09-16,"Mobile Bay Causeway",67,43,110,2000,3,200,844,334,86,103,177,77,106,140,55,335,132,221,116,85,44,87,99,210,17,31,19,12,0,32,120,54,24,86,0,6,4,47,7,105,0,29,0,0,4,5,2,0,0,445,174,402,4876
35877,"Baldwin County, AL, USA","Alabama, USA","United States","30.24606, -87.69584","Land (beach, shoreline and inland)",2018-03-31,SOLVE,2,0,2,0.48,0.0194,0,33,1,1,0,2,0,0,0,0,0,0,0,0,0,0,0,0,0,0,0,0,0,0,0,0,0,0,0,0,0,0,0,0,0,0,0,0,1,0,0,0,0,0,0,0,6,44
37531,"Baldwin County, AL, USA","Alabama, USA","United States","30.39101, -87.85284","Land (beach, shoreline and inland)",2018-05-11,"Gulf Corps Alabama",7,0,7,66.18,0.309,0,2,24,8,57,4,0,15,11,3,104,71,281,31,0,0,0,9,0,0,0,0,0,0,0,0,0,0,0,6,0,0,0,0,0,0,0,0,79,0,0,0,0,8,0,0,60,773
37532,"Baldwin County, AL, USA","Alabama, USA","United States","30.39101, -87.85284","Land (beach, shoreline and inland)",2018-05-11,"Gulf Corps Alabama",7,0,7,66.18,0.309,0,2,24,8,57,4,0,15,11,3,104,71,281,31,0,0,0,9,0,0,0,0,0,0,0,0,0,0,0,6,0,0,0,0,0,0,0,0,79,0,0,0,0,8,0,0,60,773
37533,"Baldwin County, AL, USA","Alabama, USA","United States","30.39101, -87.85284","Land (beach, shoreline and inland)",2018-05-11,"Gulf Corps Alabama",7,0,7,66.18,0.309,0,2,24,8,57,4,0,15,11,3,104,71,281,31,0,0,0,9,0,0,0,0,0,0,0,0,0,0,0,6,0,0,0,0,0,0,0,0,79,0,0,0,0,8,0,0,60,773
37534,"Baldwin County, AL, USA","Alabama, USA","United States","30.39101, -87.85284","Land (beach, shoreline and inland)",2018-05-11,"Gulf Corps Alabama",7,0,7,66.18,0.309,0,2,24,8,57,4,0,15,11,3,104,71,281,31,0,0,0,9,0,0,0,0,0,0,0,0,0,0,0,6,0,0,0,0,0,0,0,0,79,0,0,0,0,8,0,0,60,773
38877,"Marshall County, AL, USA","Alabama, USA","United States","34.34151, -86.52637","Land (beach, shoreline and inland)",2018-06-18,,1,0,1,0.01,0.0292,0,1,0,0,0,0,0,0,0,0,0,0,0,0,0,0,0,0,0,0,0,0,0,0,0,0,0,0,0,0,0,0,0,0,0,0,0,0,0,0,0,0,0,0,0,0,0,1
40801,"Mobile County, AL, USA","Alabama, USA","United States","30.68868, -88.04673","Land (beach, shoreline and inland)",2018-08-07,,1,0,1,0.28,0.0238,0,0,1,0,2,0,0,0,2,0,2,0,0,0,0,0,0,0,0,0,0,0,0,0,0,0,0,0,0,0,0,3,0,0,0,0,0,0,0,0,0,0,0,0,0,0,0,10
41492,"Mobile County, AL, USA","Alabama, USA","United States","30.49054, -88.21632","Land (beach, shoreline and inland)",2018-08-29,"Joe and Chels ",2,0,2,1.5,0.028,0,0,0,0,0,0,0,0,0,0,30,0,0,0,0,0,0,0,0,0,0,0,0,0,0,0,0,0,0,0,0,0,0,0,0,0,0,0,0,0,0,0,0,0,0,0,0,30
41791,"Montgomery County, AL, USA","Alabama, USA","United States","32.36368, -86.13658","Land (beach, shoreline and inland)",2018-09-02,"Mica & Danny",1,0,1,3.18,0.0854,0,0,0,10,0,21,0,14,0,0,26,1,9,0,0,0,0,8,0,0,0,0,0,0,0,0,0,0,0,2,0,0,0,0,0,0,0,0,0,0,0,0,0,0,0,0,0,91
41800,"Montgomery County, AL, USA","Alabama, USA","United States","32.36327, -86.13656","Land (beach, shoreline and inland)",2018-09-01,"Mica & Danny",2,0,2,7.92,0.0698,0,0,4,4,7,23,0,8,4,1,26,9,6,5,0,0,0,4,0,0,0,0,0,0,0,0,0,0,0,3,0,0,0,0,0,0,0,1,0,0,0,0,0,0,0,0,1,106
41999,"Baldwin County, AL, USA","Alabama, USA","United States","30.26413, -87.60289","Land (beach, shoreline and inland)",2018-09-09,,1,0,1,2.49,0.0604,0,9,1,0,1,0,0,0,4,0,0,0,0,0,0,0,0,0,0,0,0,0,0,2,0,0,0,0,0,2,0,1,0,0,0,0,0,1,4,0,0,0,0,0,0,0,10,35
42039,"Baldwin County, AL, USA","Alabama, USA","United States","30.26389, -87.60406","Land (beach, shoreline and inland)",2018-09-09,,1,0,1,8.46,0.075,0,104,2,0,0,22,0,4,36,1,0,0,2,1,0,0,0,0,0,0,0,0,0,8,0,0,0,0,0,4,0,1,0,0,0,0,0,4,4,0,0,0,0,0,0,0,40,233
42091,"Baldwin County, AL, USA","Alabama, USA","United States","30.26429, -87.60372","Land (beach, shoreline and inland)",2018-09-10,,1,0,1,2.66,0.0028,0,242,0,0,0,14,0,0,6,0,0,0,0,0,0,0,0,0,0,0,0,0,0,0,0,0,0,0,0,0,0,0,0,0,0,0,0,0,5,0,0,0,0,0,0,0,55,322
42142,"Baldwin County, AL, USA","Alabama, USA","United States","30.26413, -87.60368","Land (beach, shoreline and inland)",2018-09-11,,1,0,1,2.33,0.003,0,205,5,0,0,31,0,0,15,0,1,0,0,0,0,0,0,0,0,0,0,0,0,0,0,0,0,0,0,0,0,0,0,0,0,0,0,1,0,0,0,0,0,0,0,0,27,285
42452,"Mobile County, AL, USA","Alabama, USA","United States","30.56532, -88.17213","Land (beach, shoreline and inland)",2018-09-15,,1,0,1,0,0.1374,0,0,0,0,0,0,0,0,0,0,0,0,0,0,0,0,0,0,0,0,0,0,0,0,0,0,0,0,0,0,0,0,0,0,0,0,0,0,0,0,0,0,0,0,0,0,0,0
42460,"Baldwin County, AL, USA","Alabama, USA","United States","30.26515, -87.60413","Land (beach, shoreline and inland)",2018-09-14,,1,0,1,10.89,0.0648,0,409,6,0,0,34,0,0,14,0,1,0,1,0,0,0,0,0,0,0,0,0,0,11,0,0,0,0,0,0,0,17,0,0,0,0,0,3,0,0,0,0,0,2,0,0,34,532
44533,"Baldwin County, AL, USA","Alabama, USA","United States","30.40131, -87.77076","Land (beach, shoreline and inland)",2018-09-15,"Coke UNITED- Alabama Coastal Cleanup",1,0,1,0.08,0.0141,0,0,0,0,0,0,0,0,0,0,1,0,1,0,0,0,0,0,0,0,0,0,0,0,0,0,0,0,0,0,0,0,0,0,0,0,0,0,0,0,0,0,0,0,0,0,0,2
47833,"Baldwin County, AL, USA","Alabama, USA","United States","30.42068, -87.8304","Land (beach, shoreline and inland)",2018-09-15,"Coke UNITED- Alabama Coastal Cleanup",1,0,1,0.08,0.0076,0,0,1,0,0,0,0,0,0,0,1,0,0,0,0,0,0,0,0,0,0,0,0,0,0,0,0,0,0,0,0,0,0,0,0,0,0,0,0,0,0,0,0,0,0,0,0,2
48472,"Baldwin County, AL, USA","Alabama, USA","United States","30.30026, -87.47454","Land (beach, shoreline and inland)",2018-09-17,,1,0,1,0.25,0.0486,0,41,0,0,0,0,0,0,0,0,0,0,0,0,0,0,0,0,0,0,0,0,0,0,0,0,0,0,0,0,0,0,0,0,0,0,0,0,0,0,0,0,0,0,0,0,0,41
48674,"Baldwin County, AL, USA","Alabama, USA","United States","30.293725984541, -87.498847385181","Land (beach, shoreline and inland)",2018-09-17,"Ono Island",1,0,1,20,0.25,3,0,6,0,2,4,0,3,3,1,12,1,5,2,4,0,0,2,3,2,1,1,1,0,1,0,0,0,1,0,0,0,0,0,0,0,0,0,0,0,0,0,0,0,3,2,3,63
50725,"Baldwin County, AL, USA","Alabama, USA",,"30.24338, -87.71593","Land (beach, shoreline and inland)",2018-09-30,Family,4,0,4,3.26,0,0,31,4,2,0,7,0,0,2,0,0,0,1,3,0,0,0,0,0,0,0,0,0,2,0,0,0,0,0,2,0,0,0,0,0,0,0,2,4,0,0,0,0,0,0,0,0,60
50974,"Mobile County, AL, USA","Alabama, USA","United States","30.245207561649, -88.123627211523","Land (beach, shoreline and inland)",2018-09-15,"Dauphin Island",1,0,1,4,0.5,1,2,20,0,0,4,0,2,3,0,2,0,2,2,0,0,1,0,1,0,0,0,0,0,0,10,0,0,0,0,0,0,2,0,10,0,0,0,0,0,0,0,0,0,5,0,30,96
54823,"Baldwin County, AL, USA","Alabama, USA","United States","30.53016, -87.90842","Land (beach, shoreline and inland)",2018-11-07,"Fairhope beach ",1,0,1,0,0.5157,0,0,0,0,0,0,0,0,0,0,0,0,0,0,0,0,0,0,0,0,0,0,0,0,0,0,0,0,0,0,0,0,0,0,0,0,0,0,0,0,0,0,0,0,0,0,0,0
54824,"Baldwin County, AL, USA","Alabama, USA","United States","30.53004, -87.90835","Land (beach, shoreline and inland)",2018-11-07,"Fairhope beach ",1,0,1,1.31,0.0036,0,11,2,3,3,1,0,2,3,0,2,0,1,1,0,0,0,1,0,0,0,0,0,0,0,0,0,0,0,0,0,0,0,0,0,0,0,0,5,0,0,0,0,0,0,0,4,39
55591,"Baldwin County, AL, USA","Alabama, USA","United States","30.52526, -87.91085","Land (beach, shoreline and inland)",2018-11-17,"Fairhope beach ",1,0,1,0.86,0.0306,0,6,3,1,2,0,0,2,1,0,0,0,0,1,0,0,0,0,0,0,0,0,0,0,0,0,0,0,0,0,0,0,0,0,0,0,0,1,0,0,0,0,0,0,0,0,3,20
55664,"Baldwin County, AL, USA","Alabama, USA","United States","30.526, -87.91044","Land (beach, shoreline and inland)",2018-11-18,"Fairhope beach and pier ",1,0,1,1.5,0.0009,0,9,2,0,0,0,0,1,1,0,1,0,1,0,0,0,0,0,0,0,0,0,0,0,0,0,0,0,0,0,0,0,0,0,0,0,0,1,1,0,0,0,0,0,0,0,1,18
56237,"Baldwin County, AL, USA","Alabama, USA","United States","30.52955, -87.90879","Land (beach, shoreline and inland)",2018-11-28,"Fairhope beach and pier ",1,0,1,0.23,0.0351,0,11,2,0,0,0,0,1,2,0,1,0,0,1,0,0,0,0,0,0,0,0,0,0,0,0,0,0,0,0,0,0,0,0,0,0,0,0,0,0,0,0,0,0,0,0,3,21
56402,"Baldwin County, AL, USA","Alabama, USA","United States","30.5296, -87.90874","Land (beach, shoreline and inland)",2018-11-30,"Fairhope beach and pier ",1,0,1,1.56,0.0162,0,6,1,1,1,0,0,0,0,0,0,1,1,0,0,0,0,0,0,0,0,0,0,0,0,0,0,0,0,1,0,0,0,0,0,0,0,1,2,0,0,0,0,0,0,0,1,16
56679,"Baldwin County, AL, USA","Alabama, USA","United States","30.49872, -87.88226","Land (beach, shoreline and inland)",2018-12-05,"Fairhope beach and pier ",1,0,1,0.87,0.007,0,6,0,2,0,1,0,1,1,0,1,1,0,0,0,0,0,0,0,0,0,0,0,0,0,0,0,0,0,0,0,0,0,0,0,0,0,0,1,0,0,0,0,0,0,0,2,16
57323,"Baldwin County, AL, USA","Alabama, USA","United States","30.46922, -87.85233","Land (beach, shoreline and inland)",2018-12-07,"Fairhope beach and pier ",1,0,1,1.91,0,0,6,0,0,0,0,0,0,1,0,3,1,1,0,0,0,0,0,0,0,0,0,0,2,0,0,0,0,0,1,0,0,0,0,0,0,0,0,0,0,0,0,0,0,0,0,2,17
57688,"Baldwin County, AL, USA","Alabama, USA","United States","30.34387120342, -87.506375896547","Watercraft (powerboat, sailboat, kayak or canoe)",2018-09-15,"Perdido Beach",32,1,33,354,19,21,65,30,8,9,45,9,7,1,3,64,14,56,8,18,1,7,14,19,5,9,1,3,0,0,5,17,0,2,0,0,0,2,2,52,3,1,0,0,0,0,0,0,0,28,8,26,542
57692,"Mobile County, AL, USA","Alabama, USA","United States","30.251720428982, -88.102284809822","Land (beach, shoreline and inland)",2018-09-15,"Dauphin Island",696,74,770,1400,2,0,1312,616,100,92,906,151,153,161,120,880,157,414,248,334,42,64,97,127,31,61,150,144,0,16,316,36,129,55,0,9,41,106,46,239,34,14,0,0,8,10,6,12,0,593,219,1957,10206
57704,"Baldwin County, AL, USA","Alabama, USA","United States","30.364134850552, -87.619799547769","Land (beach, shoreline and inland)",2018-09-15,"Wolf Bay",79,56,135,888,14,48,251,140,49,30,95,30,73,33,1,170,51,161,74,57,17,14,38,59,12,5,9,8,0,2,46,25,24,56,0,0,2,3,12,94,2,5,0,0,2,2,0,0,0,67,37,179,1935
57705,"Baldwin County, AL, USA","Alabama, USA","United States","30.415341037609, -87.825912020873","Watercraft (powerboat, sailboat, kayak or canoe)",2018-09-15,"Weeks Bay",51,46,97,337,5,34,255,157,8,29,99,79,37,36,9,262,116,203,47,59,6,23,21,46,6,14,28,17,0,2,29,26,3,33,0,0,6,48,6,30,2,9,0,0,5,1,0,1,0,108,22,124,2012
57978,"Baldwin County, AL, USA","Alabama, USA",,"30.28389888744, -87.554878831799","Watercraft (powerboat, sailboat, kayak or canoe)",2018-09-15,"Boggy Point",41,8,49,742,4,26,510,200,36,28,265,62,51,87,6,122,33,54,27,20,3,18,22,27,9,2,23,24,0,8,18,8,12,4,0,0,8,15,8,49,2,0,0,0,2,1,0,0,0,191,26,129,2110
57979,"Mobile County, AL, USA","Alabama, USA",,"30.581602339985, -88.078532663713","Land (beach, shoreline and inland)",2018-09-15,"West Mobile Bay",48,13,61,717.5,5,0,566,317,264,329,170,142,256,162,117,966,330,415,146,42,26,32,58,79,12,28,32,22,0,6,25,97,6,126,0,0,0,22,23,28,0,4,0,0,6,7,1,3,0,317,170,259,5611
57980,"Baldwin County, AL, USA","Alabama, USA","United States","30.40660070269, -87.68360521288","Land (beach, shoreline and inland)",2018-09-15,"City of Foley",45,0,45,200,20,20,0,0,0,0,0,0,0,0,0,0,0,0,0,0,0,0,0,0,0,0,0,0,0,0,0,0,0,0,0,0,0,0,0,0,0,0,0,0,0,0,0,0,0,0,0,0,0
57981,"Baldwin County, AL, USA","Alabama, USA","United States","30.304219522995, -87.728400178286","Land (beach, shoreline and inland)",2018-09-15,"Bon Secour",25,38,63,110,8.25,16,110,71,39,10,43,35,35,29,5,65,26,94,39,37,6,20,13,40,15,11,10,17,0,2,11,2,62,53,0,0,0,1,21,2,0,1,0,0,0,3,0,0,0,51,10,72,1061
57982,"Baldwin County, AL, USA","Alabama, USA","United States","30.599124599287, -87.912505602652","Land (beach, shoreline and inland)",2018-09-15,Daphne,189,131,320,800,5,49,591,340,23,67,240,30,95,98,37,436,238,343,143,65,23,40,29,93,11,60,52,37,0,8,43,10,23,40,0,0,10,26,10,74,1,3,0,0,6,6,0,0,0,330,181,502,4364
58008,"Baldwin County, AL, USA","Alabama, USA","United States","30.674422769042, -87.933398465614","Watercraft (powerboat, sailboat, kayak or canoe)",2018-09-15,"5 Rivers",74,51,125,614,5,38,329,772,140,27,301,23,116,197,45,426,66,203,164,101,32,59,49,64,6,4,2,4,0,4,83,10,13,45,0,2,6,10,3,47,11,5,0,0,1,3,0,0,0,250,74,466,4163
58009,"Mobile County, AL, USA","Alabama, USA","United States","30.706143093255, -88.159823737766","Land (beach, shoreline and inland)",2018-09-15,"Three Mile Creek",236,104,340,1000,3,90,621,299,23,17,194,99,52,100,24,188,45,108,50,67,24,35,27,74,11,3,20,14,0,1,80,10,11,45,0,0,88,91,11,27,4,4,0,0,4,2,1,2,0,211,282,420,3389
58010,"Baldwin County, AL, USA","Alabama, USA","United States","30.747785436997, -87.923217363871","Land (beach, shoreline and inland)",2018-09-15,ESEC,11,4,15,50,0.25,2,10,14,0,0,7,0,3,1,0,27,3,13,0,6,4,0,2,3,0,0,1,0,0,0,5,0,0,1,0,0,0,0,2,0,0,0,0,0,0,0,0,0,0,0,0,0,102
58011,"Baldwin County, AL, USA","Alabama, USA",,"30.254660551999, -87.643510034835","Land (beach, shoreline and inland)",2018-09-15,"Gulf State Park",167,35,202,302,3,63,2296,217,37,33,1551,46,92,298,25,109,14,30,59,90,27,39,16,25,3,20,10,33,0,1,70,34,70,56,0,0,20,181,9,65,27,3,0,0,2,7,3,12,0,287,159,434,6510
58012,"Baldwin County, AL, USA","Alabama, USA","United States","30.523644211109, -87.911824267592","Land (beach, shoreline and inland)",2018-09-15,Fairhope,431,171,602,2300,15,0,1605,202,31,15,223,52,163,115,20,145,73,109,40,0,14,26,29,19,1,7,14,8,0,8,14,2,13,3,0,0,10,159,0,211,19,17,0,0,0,8,0,0,0,209,63,171,3818
58013,"Mobile County, AL, USA","Alabama, USA","United States","30.786551957516, -88.101546352904","Land (beach, shoreline and inland)",2018-09-15,"Chickasabogue Park",62,87,149,300,4,0,1359,169,19,28,128,91,57,69,0,206,15,275,42,0,22,20,29,55,0,1,10,1,0,6,10,1,4,24,0,0,22,12,6,1,10,1,0,0,1,2,2,0,0,577,69,857,4201
58014,"Baldwin County, AL, USA","Alabama, USA","United States","30.321704539282, -87.533906741824","Watercraft (powerboat, sailboat, kayak or canoe)",2018-09-15,Josephine,33,3,36,861,30,38,91,93,6,8,46,6,31,26,9,180,30,155,29,39,26,14,50,51,11,7,5,12,0,3,19,14,0,5,0,2,3,11,12,17,16,0,0,0,0,2,0,2,0,68,54,124,1277
58015,"Mobile County, AL, USA","Alabama, USA","United States","30.781911070644, -88.073458271612","Land (beach, shoreline and inland)",2018-09-15,Chickasaw,78,26,104,850,5,35,80,0,0,0,0,0,0,32,0,90,21,0,0,11,15,0,0,0,0,5,0,2,0,8,0,0,0,0,0,0,0,7,0,0,0,0,0,0,0,2,0,0,0,25,0,0,298
58017,"Baldwin County, AL, USA","Alabama, USA","United States","30.52662, -87.90992","Land (beach, shoreline and inland)",2018-12-28,"Fairhope beach and pier ",1,0,1,0.73,0.0033,0,4,1,0,1,0,0,2,3,0,0,0,0,1,0,0,0,2,0,0,0,0,0,1,0,0,0,0,0,0,0,0,0,0,0,0,0,0,0,0,0,0,0,0,0,0,1,16
58113,"Baldwin County, AL, USA","Alabama, USA","United States","30.406149729888, -87.436854116498","Land (beach, shoreline and inland)",2018-09-15,"Perdido Bay",46,0,46,520,4,25,158,69,8,5,29,2,13,10,4,64,11,54,19,19,4,1,15,27,4,6,3,6,0,2,13,4,4,13,0,1,1,0,1,119,1,6,0,0,1,1,0,1,0,38,0,106,843
58115,"Escambia County, FL, USA","Alabama, USA",,"30.280678391207, -87.518385297812","Land (beach, shoreline and inland)",2018-09-15,FloraBama,64,15,79,422,8,48,2777,340,81,68,563,108,210,649,31,251,73,321,41,51,60,87,129,43,1,18,7,17,0,3,27,3,114,101,0,1,17,42,4,47,63,6,0,0,1,1,0,12,0,42,40,375,6825
58118,"Baldwin County, AL, USA","Alabama, USA","United States","30.255229747473, -87.715638491431","Land (beach, shoreline and inland)",2018-09-15,"Little Lagoon",45,0,45,829,2,23,96,71,5,5,10,1,9,4,0,63,8,41,15,9,0,1,1,6,0,3,1,1,0,1,24,1,3,0,0,1,0,0,4,63,2,0,7,0,0,0,0,0,0,0,0,0,456
58122,"Madison County, AL, USA","Alabama, USA","United States","34.579375994817, -86.731441942958","Land (beach, shoreline and inland)",2018-09-15,"Triana Boat Ramp",24,28,52,200,0.25,8,58,154,44,22,43,53,41,14,11,166,104,205,59,39,7,16,23,40,1,72,14,2,0,0,29,5,6,29,0,2,0,9,0,56,23,1,0,0,3,1,0,1,0,94,148,194,1789
58164,"Mobile County, AL, USA","Alabama, USA","United States","30.533735140909, -88.123132748181","Land (beach, shoreline and inland)",2018-09-15,"Theodore Industrial Canal",45,70,115,3500,9,350,160,280,230,140,100,38,55,35,28,332,351,342,48,38,31,140,93,91,8,12,17,11,0,58,31,42,22,54,0,8,2,48,42,105,3,22,0,0,6,12,1,8,0,118,262,78,3502
58167,"Mobile County, AL, USA","Alabama, USA","United States","30.628377620406, -88.101916313187","Watercraft (powerboat, sailboat, kayak or canoe)",2018-09-15,"Dog River",200,18,218,1410,10,88,202,595,158,273,393,137,200,267,181,887,189,334,302,219,97,156,227,398,7,8,8,2,0,8,176,109,55,166,0,2,6,138,28,42,1,21,2,0,7,5,1,2,0,864,154,715,7742
58173,"Baldwin County, AL, USA","Alabama, USA",,"30.679383098395, -87.992767047092","Land (beach, shoreline and inland)",2018-09-15,"Mobile Bay Causeway",200,0,200,1000,3,0,1780,1193,454,461,396,1120,262,319,115,1568,269,1330,425,223,70,159,146,258,39,68,37,41,0,137,1004,1040,69,151,0,3,15,119,15,95,7,7,0,0,5,5,1,0,0,390,123,509,14428
58178,"Baldwin County, AL, USA","Alabama, USA","United States","30.252697232129, -87.816690264754","Land (beach, shoreline and inland)",2018-09-15,"Fort Morgan",80,0,80,2723,13,72,847,447,44,77,594,73,186,247,35,866,207,669,136,138,14,31,93,109,29,53,99,46,0,33,172,60,38,37,0,1,30,61,38,402,11,7,22,0,0,6,4,13,0,402,89,803,7269
58180,"Conecuh County, AL, USA","Alabama, USA","United States","31.262296251139, -86.761838629112","Land (beach, shoreline and inland)",2018-09-15,"Brooklyn Landing, Bottle Creek/Sepulga River",7,0,7,37,0.25,8,0,18,0,3,0,1,0,0,0,15,8,45,4,20,0,2,3,9,0,0,0,0,0,0,30,0,0,0,0,0,0,0,0,0,0,0,0,0,0,0,0,0,0,0,0,0,158
58181,"Montgomery County, AL, USA","Alabama, USA","United States","32.3412897177, -86.212766765834","Land (beach, shoreline and inland)",2018-09-15,"Ida Bell Young Park",2,10,12,105,3,6,1,33,0,7,1,0,0,2,5,39,0,1,15,20,12,2,5,3,0,0,0,0,0,1,1,3,0,0,0,0,6,1,0,0,0,2,0,0,0,2,0,0,0,29,0,52,243
58182,"Covington County, AL, USA","Alabama, USA","United States","31.278705450468, -86.48467474661","Land (beach, shoreline and inland)",2018-09-15,"Bay Branch",6,4,10,175,2,8,148,140,27,14,5,28,37,27,8,70,2,30,21,25,13,86,23,28,0,0,6,0,0,0,17,12,0,8,0,0,0,2,2,7,0,2,0,0,0,0,2,0,0,323,30,258,1401
58185,"Pike County, AL, USA","Alabama, USA","United States","31.804108850015, -86.045722227589","Land (beach, shoreline and inland)",2018-09-15,"Conecuh River Bridge",38,0,38,280,2,16,35,36,12,16,14,4,27,19,1,84,25,74,25,37,21,29,11,16,2,8,1,50,0,3,4,6,2,8,0,1,0,8,1,4,0,2,0,0,0,1,0,0,0,16,5,44,652
58186,"Pike County, AL, USA","Alabama, USA","United States","31.844514023, -85.995101214759","Land (beach, shoreline and inland)",2018-09-15,"Hwy 231 Conecuh River",12,0,12,680,2,8,1,17,1,4,2,0,2,1,0,55,19,38,6,5,6,0,1,4,1,0,1,1,0,0,10,0,0,5,0,3,0,0,0,1,0,28,0,0,4,0,0,0,0,0,2,2,220
58187,"Escambia County, AL, USA","Alabama, USA","United States","31.010460642045, -87.2632418625","Watercraft (powerboat, sailboat, kayak or canoe)",2018-09-15,"Hwy 31 Conecuh/Escambia River",28,14,42,250,23,68,8,73,29,56,39,29,48,22,13,291,282,101,12,0,0,15,9,51,1,1,2,9,0,11,28,72,4,41,0,3,0,24,13,19,0,2,0,0,0,0,0,0,0,183,70,18,1579
58194,"Baldwin County, AL, USA","Alabama, USA","United States","30.53044, -87.90847","Land (beach, shoreline and inland)",2019-01-03,"Fairhope beach and pier ",1,0,1,1.38,0.0291,0,7,2,0,0,2,0,1,1,0,0,0,0,0,0,0,0,0,0,0,0,0,0,1,0,0,0,0,0,1,0,0,0,0,0,0,0,1,1,0,0,0,0,0,0,0,2,19
58201,"Marion County, AL, USA","Alabama, USA","United States","34.10326, -87.95266","Land (beach, shoreline and inland)",2019-01-03,,1,0,1,0.69,0.003,0,0,2,0,0,3,0,1,0,0,0,0,0,0,0,0,0,0,0,0,0,0,0,0,0,0,0,0,0,0,0,0,0,0,0,0,0,0,5,0,0,0,0,0,0,0,1,12
58302,"Baldwin County, AL, USA","Alabama, USA","United States","30.43088, -87.85213","Land (beach, shoreline and inland)",2019-01-08,"Fairhope beach and pier ",1,0,1,1.06,0.0225,0,14,3,0,4,1,0,1,1,0,2,0,0,2,0,0,0,0,0,0,0,0,0,0,0,0,0,0,0,0,0,1,0,0,0,0,0,0,4,0,0,0,0,0,0,0,2,35
59340,"Baldwin County, AL, USA","Alabama, USA","United States","30.52616, -87.91015","Land (beach, shoreline and inland)",2019-01-22,"Fairhope beach and pier ",1,0,1,1.59,0.0078,0,8,0,0,1,1,0,0,2,0,2,0,1,1,0,0,0,0,0,0,0,0,0,1,0,0,0,0,0,0,0,1,0,0,0,0,0,1,2,0,0,0,0,0,0,0,4,25
59403,"Baldwin County, AL, USA","Alabama, USA","United States","30.55647, -87.8929","Land (beach, shoreline and inland)",2019-01-23,"Fairhope beach and pier ",1,0,1,0.43,0.0069,0,5,0,0,0,0,0,0,1,1,2,0,1,0,0,0,0,0,0,0,0,0,0,0,0,0,0,0,0,0,0,0,0,0,0,0,0,0,2,0,0,0,0,0,0,0,2,14
61737,"Baldwin County, AL, USA","Alabama, USA","United States","30.49894, -87.88237","Land (beach, shoreline and inland)",2019-01-28,"Fairhope beach and pier ",1,0,1,0.32,0.0085,0,6,0,0,0,0,0,2,0,0,0,0,0,0,0,0,0,1,0,0,0,0,0,0,0,0,0,0,0,0,0,0,0,0,0,0,0,0,2,0,0,0,0,0,0,0,1,12
62080,"Baldwin County, AL, USA","Alabama, USA","United States","30.51911, -87.89179","Land (beach, shoreline and inland)",2019-02-01,"Fairhope beach and pier ",1,0,1,0.98,0,0,8,0,0,0,1,0,0,2,0,1,0,2,1,0,0,0,1,0,0,0,0,0,1,0,0,0,0,0,0,0,0,0,0,0,0,0,0,2,0,0,0,0,0,0,0,0,19
62295,"Baldwin County, AL, USA","Alabama, USA","United States","30.43071, -87.85171","Land (beach, shoreline and inland)",2019-02-07,"Fairhope beach and pier ",1,0,1,0.96,0.0044,0,11,0,0,1,1,0,0,0,0,0,0,0,3,0,0,0,1,0,0,0,0,0,0,0,0,0,0,0,0,0,0,0,0,0,0,0,1,2,0,0,0,0,0,0,0,2,22
62375,"Baldwin County, AL, USA","Alabama, USA","United States","30.43049, -87.85189","Land (beach, shoreline and inland)",2019-02-09,"Fairhope beach and pier ",1,0,1,1.55,0.0095,0,7,0,0,1,1,0,0,1,1,0,1,1,1,0,0,0,0,0,0,0,0,0,1,0,0,0,0,0,1,0,0,0,0,0,0,0,0,2,0,0,0,0,0,0,0,1,19
62526,"Baldwin County, AL, USA","Alabama, USA","United States","30.43041, -87.85204","Land (beach, shoreline and inland)",2019-02-12,"Fairhope beach and pier ",1,0,1,1.05,0,0,11,0,0,1,0,0,0,0,0,0,1,4,0,0,0,0,0,0,0,0,0,0,0,0,0,0,0,0,1,0,0,0,0,0,0,0,0,1,0,0,0,0,2,0,0,1,22
65304,"Baldwin County, AL, USA","Alabama, USA","United States","30.26119, -87.68149","Land (beach, shoreline and inland)",2019-02-20,"Gulf state park",1,0,1,2.31,0.3816,0,4,0,0,0,3,0,1,3,1,3,0,0,0,0,0,0,1,0,0,0,0,0,0,0,0,0,0,0,1,0,0,0,0,0,0,0,4,0,0,0,0,0,0,0,0,0,21
66163,"Baldwin County, AL, USA","Alabama, USA","United States","30.43054, -87.85218","Land (beach, shoreline and inland)",2019-02-23,"Fairhope Pier and beach ",1,0,1,3.84,0.0283,0,6,0,0,0,0,0,0,6,0,2,0,4,0,0,0,0,0,0,0,0,0,0,0,0,0,0,0,0,0,0,0,0,0,0,0,0,5,9,0,0,0,0,0,0,0,0,32
66334,"Baldwin County, AL, USA","Alabama, USA","United States","30.25119, -87.66215","Land (beach, shoreline and inland)",2019-02-27,"Gulf state park ",1,0,1,2.18,0,0,6,0,0,0,0,0,0,6,1,0,0,0,1,0,0,0,0,0,0,0,0,0,3,0,0,0,0,0,0,0,0,0,0,0,0,0,0,3,0,0,0,0,3,0,0,1,24
66963,"Baldwin County, AL, USA","Alabama, USA","United States","30.43045, -87.85221","Land (beach, shoreline and inland)",2019-03-03,"Fairhope Pier and beach ",1,0,1,2.82,0.0364,0,12,0,1,0,1,0,1,0,0,1,1,1,0,0,0,0,1,0,0,0,0,0,2,0,0,0,0,0,0,0,0,0,0,0,0,0,1,4,0,0,0,0,0,0,0,1,27
67023,"Baldwin County, AL, USA","Alabama, USA","United States","30.28005, -87.5258","Land (beach, shoreline and inland)",2019-03-06,"Gulf state park",1,0,1,0.48,0,0,5,0,0,0,0,0,0,3,0,1,0,0,0,0,0,0,1,0,0,0,0,0,0,0,0,0,0,0,0,0,0,0,0,0,0,0,0,3,0,0,0,0,0,0,0,2,15
67028,"Calhoun County, AL, USA","Alabama, USA","United States","33.82942, -85.77042","Land (beach, shoreline and inland)",2019-03-06,,1,0,1,0.01,0,0,1,0,0,0,0,0,0,0,0,0,0,0,0,0,0,0,0,0,0,0,0,0,0,0,0,0,0,0,0,0,0,0,0,0,0,0,0,0,0,0,0,0,0,0,0,0,1
67488,"Baldwin County, AL, USA","Alabama, USA","United States","30.28072, -87.58087","Land (beach, shoreline and inland)",2019-03-21,"Gulf state park",1,0,1,1.08,0,0,9,1,0,0,1,0,0,2,0,4,0,0,0,0,0,0,0,0,0,0,0,0,1,0,0,0,0,0,0,0,0,0,0,0,0,0,0,2,0,0,0,0,0,0,0,1,21
68507,"Mobile County, AL, USA","Alabama, USA","United States","30.24415, -88.12715","Land (beach, shoreline and inland)",2019-03-30,,1,0,1,1.92,1.7701,0,10,5,0,0,0,0,0,0,1,0,0,2,1,0,0,0,1,0,0,0,0,0,0,0,0,0,0,0,0,0,0,0,0,0,0,0,1,9,0,0,0,0,0,0,0,3,33
68561,"Baldwin County, AL, USA","Alabama, USA","United States","30.50343, -87.88695","Land (beach, shoreline and inland)",2019-04-01,"Fairhope Pier and beach ",1,0,1,0.47,0.0069,0,16,0,0,0,0,0,1,2,0,0,0,0,1,0,0,0,0,0,0,0,0,0,0,0,0,0,0,0,1,0,1,0,0,0,0,0,0,2,0,0,0,0,0,0,0,2,26
70691,"Baldwin County, AL, USA","Alabama, USA","United States","30.47264, -87.70204","Land (beach, shoreline and inland)",2019-04-13,"Fairhope Pier and beach ",1,0,1,1.98,0,0,10,2,2,0,0,0,0,3,1,0,0,1,1,0,0,0,0,0,0,0,0,0,2,0,0,0,0,0,1,0,0,0,0,0,0,0,1,0,0,0,0,0,0,0,0,2,26
70775,"Baldwin County, AL, USA","Alabama, USA","United States","30.52664, -87.91032","Land (beach, shoreline and inland)",2019-04-15,"Fairhope Pier and beach ",1,0,1,1.51,0.0082,0,11,1,1,1,1,0,0,0,0,0,0,1,1,0,0,0,1,0,0,0,0,0,0,0,0,0,0,0,1,0,0,0,0,0,0,0,2,1,0,0,0,0,0,0,0,2,24
71924,"Baldwin County, AL, USA","Alabama, USA","United States","30.246151145043, -87.693862729817","Land (beach, shoreline and inland)",2019-04-22,,2,15,17,30,0.25,0,125,7,0,3,13,4,3,32,1,9,0,9,3,4,1,3,2,0,0,2,0,1,0,0,12,8,1,2,0,0,0,0,1,0,0,0,0,0,1,1,0,0,0,2,1,21,272
73701,"Baldwin County, AL, USA","Alabama, USA","United States","30.47452, -87.795","Land (beach, shoreline and inland)",2019-05-23,"Gulf state park ",1,0,1,0.93,0,0,6,1,0,0,2,0,3,0,1,1,1,0,1,0,0,0,0,0,0,0,0,0,0,0,0,0,0,0,0,0,0,0,0,0,0,0,0,2,0,0,0,0,0,0,0,1,19
74121,"Baldwin County, AL, USA","Alabama, USA","United States","30.23775, -87.92302","Land (beach, shoreline and inland)",2019-06-05,,1,0,1,0.16,0.0087,0,0,2,0,0,0,0,0,0,0,0,0,0,1,0,0,0,0,0,0,0,0,0,0,0,0,0,0,0,1,0,0,0,0,0,0,0,0,0,0,0,0,0,0,0,0,0,4
74176,"Baldwin County, AL, USA","Alabama, USA","United States","30.2328, -87.92405","Land (beach, shoreline and inland)",2019-06-06,,1,0,1,0.03,0.2327,0,0,0,0,0,0,0,0,0,0,0,0,1,0,0,0,0,0,0,0,0,0,0,0,0,0,0,0,0,0,0,0,0,0,0,0,0,0,0,0,0,0,0,0,0,0,0,1
74496,"Baldwin County, AL, USA","Alabama, USA","United States","30.26119, -87.68144","Land (beach, shoreline and inland)",2019-06-12,"Gulf state park ",1,0,1,1,0,0,5,0,0,0,1,0,1,1,0,0,0,1,0,0,0,0,1,0,0,0,0,0,1,0,0,0,0,0,0,0,0,0,0,0,0,0,0,3,0,0,0,0,0,0,0,1,15
74834,"Baldwin County, AL, USA","Alabama, USA","United States","30.25583, -87.67666","Land (beach, shoreline and inland)",2019-06-20,"Gulf state park ",1,0,1,1.25,0,0,4,1,0,1,4,0,0,4,1,6,0,0,1,0,0,0,0,0,0,0,0,0,1,0,0,0,0,0,0,0,0,0,0,0,0,0,0,2,0,0,0,0,0,0,0,1,26
74888,"Baldwin County, AL, USA","Alabama, USA","United States","30.43054, -87.85216","Land (beach, shoreline and inland)",2019-06-21,"Fairhope Pier",1,0,1,0.28,0.0585,0,8,0,0,0,0,0,1,2,2,0,0,1,0,0,0,0,1,0,0,0,0,0,0,0,0,0,0,0,0,0,2,0,0,0,0,0,0,1,0,0,0,0,0,0,0,1,19
75899,"Mobile County, AL, USA","Alabama, USA","United States","30.24976, -88.13385","Land (beach, shoreline and inland)",2019-07-13,MyFarmDay,2,0,2,0.17,0.0135,0,0,0,1,0,0,0,1,1,0,0,0,0,1,0,0,0,0,0,0,0,0,0,0,0,0,0,0,0,1,0,0,0,0,0,0,0,0,0,0,0,0,0,0,0,0,0,5
76260,"Baldwin County, AL, USA","Alabama, USA","United States","30.4773, -87.88632","Land (beach, shoreline and inland)",2019-07-23,"Fairhope Pier",1,0,1,0.98,0,0,11,1,0,0,0,0,0,4,1,0,0,2,1,0,0,0,0,0,0,0,0,0,1,0,0,0,0,0,0,0,0,0,0,0,0,0,0,2,0,0,0,0,0,0,0,1,24
77233,"Baldwin County, AL, USA","Alabama, USA","United States","30.25114, -87.6616","Land (beach, shoreline and inland)",2019-08-14,"Gulf state park",1,0,1,0.95,0,0,10,1,0,0,1,0,0,4,0,0,0,4,1,0,0,0,2,0,0,0,0,0,1,0,0,0,0,0,0,0,0,0,0,0,0,0,0,1,0,0,0,0,0,0,0,2,27
77310,"Baldwin County, AL, USA","Alabama, USA","United States","30.26401, -87.61139","Land (beach, shoreline and inland)",2019-08-16,,1,0,1,3.25,0.0036,0,5,1,1,0,0,0,1,2,1,0,0,1,1,0,0,0,0,0,0,0,0,0,1,0,0,0,0,0,2,0,2,0,0,0,0,0,3,6,0,0,0,0,2,0,0,4,33
77341,"Baldwin County, AL, USA","Alabama, USA","United States","30.24456, -87.70706","Land (beach, shoreline and inland)",2019-08-17,,1,0,1,0.14,0,0,4,2,0,0,1,0,0,0,0,1,0,0,0,0,0,0,0,0,0,0,0,0,0,0,0,0,0,0,0,0,0,0,0,0,0,0,0,0,0,0,0,0,0,0,0,0,8
78134,"Baldwin County, AL, USA","Alabama, USA","United States","30.25521, -87.64595","Land (beach, shoreline and inland)",2019-09-11,"Gulf state park",1,0,1,0.82,0,0,2,2,0,1,0,0,0,6,2,0,0,2,1,0,0,0,1,0,0,0,0,0,0,0,0,0,0,0,1,0,0,0,0,0,0,0,0,4,0,0,0,0,0,0,0,0,22
94432,"Baldwin County, AL, USA","Alabama, USA","United States","30.26834, -87.68218","Land (beach, shoreline and inland)",2019-10-08,"Gulf state park",1,0,1,3.1,0.3129,0,17,0,0,0,2,0,0,7,1,3,1,2,2,0,0,0,0,0,0,0,0,0,2,0,0,0,0,0,3,0,2,0,0,0,0,0,1,3,0,0,0,0,0,0,0,1,47
94692,"Baldwin County, AL, USA","Alabama, USA","United States","30.52386, -87.88619","Land (beach, shoreline and inland)",2019-10-10,"Fairhope pier ",1,0,1,0.68,0,0,18,2,2,0,1,0,0,9,1,0,0,2,1,0,0,0,0,0,0,0,0,0,0,0,0,0,0,0,2,0,0,0,0,0,0,0,0,1,0,0,0,0,0,0,0,1,40
96832,"Baldwin County, AL, USA","Alabama, USA","United States","30.27055, -87.68308","Land (beach, shoreline and inland)",2019-11-05,"Gulf state park",1,0,1,3.96,0,0,15,0,0,0,0,0,0,6,2,1,2,2,0,0,0,0,0,0,0,0,0,0,5,0,0,0,0,0,0,0,0,0,0,0,0,0,0,0,0,0,0,0,0,0,0,1,34
96960,"Mobile County, AL, USA","Alabama, USA","United States","30.244605914629, -88.123679600115","Land (beach, shoreline and inland)",2019-09-21,"Dauphin Island - ferry area",2,0,2,80,2,3,18,10,5,4,21,5,24,9,2,53,0,14,8,7,0,0,2,12,1,25,1,8,0,0,13,4,2,2,0,0,7,2,3,6,0,1,0,0,0,0,0,0,0,110,226,88,693
96998,"Baldwin County, AL, USA","Alabama, USA","United States","30.25108, -87.67112","Land (beach, shoreline and inland)",2019-11-07,"Gulf state park",1,0,1,2.87,0,0,13,0,0,0,0,0,0,4,10,1,2,6,1,0,0,0,0,0,0,0,0,0,2,0,0,0,0,0,1,0,1,0,0,0,0,0,0,2,0,0,0,0,0,0,0,1,44
97232,"Baldwin County, AL, USA","Alabama, USA","United States","30.37911, -87.68485","Land (beach, shoreline and inland)",2019-11-11,"Gulf state park",1,0,1,1.7,0.023,0,5,0,0,3,0,0,0,4,0,6,0,0,4,0,0,0,0,0,0,0,0,0,0,0,0,0,0,0,0,0,1,0,0,0,0,0,1,4,0,0,0,0,0,0,0,13,41
99110,"Baldwin County, AL, USA","Alabama, USA","United States","30.26162, -87.61827","Land (beach, shoreline and inland)",2019-11-14,"Gulf state park",1,0,1,6.09,0,0,15,0,0,1,0,0,1,3,2,4,2,5,2,0,0,0,0,0,0,0,0,0,5,0,0,0,0,0,2,0,2,0,0,0,0,0,3,1,0,0,0,0,0,0,0,0,48
99507,"Baldwin County, AL, USA","Alabama, USA","United States","30.52467, -87.91134","Land (beach, shoreline and inland)",2019-11-18,"Fairhope Pier",1,0,1,1.73,0.1775,0,29,1,1,1,3,0,1,5,0,0,0,2,2,0,0,0,4,0,0,0,0,0,0,0,0,0,0,0,5,0,1,0,0,0,0,0,1,2,0,0,0,0,0,0,0,4,62
99837,"Baldwin County, AL, USA","Alabama, USA","United States","30.50176, -87.8884","Land (beach, shoreline and inland)",2019-11-25,"Fairhope Pier",1,0,1,1.22,0,0,27,0,1,0,0,0,3,4,3,1,0,2,6,0,0,0,0,0,0,0,0,0,1,0,0,0,0,0,1,0,0,0,0,0,0,0,0,1,0,0,0,0,0,0,0,0,50
99883,"Baldwin County, AL, USA","Alabama, USA","United States","30.52333, -87.84989","Land (beach, shoreline and inland)",2019-11-26,"Fairhope Pier",1,0,1,2.12,0,0,17,0,2,0,1,0,0,7,0,3,1,1,0,0,0,0,0,0,0,0,0,0,1,0,0,0,0,0,0,0,2,0,0,0,0,0,1,1,0,0,0,0,0,0,0,2,39
99915,"Baldwin County, AL, USA","Alabama, USA","United States","30.27348, -87.68505","Land (beach, shoreline and inland)",2019-11-27,"Gulf state park",1,0,1,4.49,0,0,3,0,0,0,1,0,0,6,0,8,2,11,1,0,0,0,0,0,0,0,0,0,5,0,0,0,0,0,0,0,0,0,0,0,0,0,0,0,0,0,0,0,0,0,0,0,37
100339,"Baldwin County, AL, USA","Alabama, USA","United States","30.52506, -87.91135","Land (beach, shoreline and inland)",2019-12-03,"Fairhope pier ",1,0,1,1.02,0,0,13,0,0,2,2,0,0,13,1,0,0,5,4,0,0,0,0,0,0,0,0,0,1,0,0,0,0,0,0,0,0,0,0,0,0,0,0,0,0,0,0,0,0,0,0,4,45
100452,"Baldwin County, AL, USA","Alabama, USA","United States","30.2521, -87.66741","Land (beach, shoreline and inland)",2019-12-05,"Gulf state park",1,0,1,3.56,0,0,12,2,0,0,1,0,0,10,1,0,0,4,1,0,0,0,0,0,0,0,0,0,6,0,0,0,0,0,0,0,0,0,0,0,0,0,0,0,0,0,0,0,0,0,0,3,40
100454,"Madison County, AL, USA","Alabama, USA","United States","34.579339338069, -86.731350446127","Land (beach, shoreline and inland)",2019-09-21,"Triana Boat Ramp",18,27,45,250,0.25,5,58,122,23,22,58,67,31,11,6,138,231,119,36,38,14,29,14,68,6,31,29,21,0,1,20,3,2,24,0,0,1,5,3,44,3,3,0,0,0,13,0,1,0,123,314,218,1950
100461,"Baldwin County, AL, USA","Alabama, USA","United States","30.674165244712, -87.93335552556","Watercraft (powerboat, sailboat, kayak or canoe)",2019-09-21,"5 Rivers",63,62,125,459,16.5,59,703,463,58,112,198,150,212,176,27,301,181,425,147,73,91,131,109,134,0,0,2,26,0,6,70,18,27,76,0,0,8,19,3,48,2,14,0,0,0,17,0,8,0,295,105,388,4823
100463,"Mobile County, AL, USA","Alabama, USA","United States","30.781988746175, -88.073532234228","Land (beach, shoreline and inland)",2019-09-21,Chickasaw,65,20,85,2100,5,150,100,0,10,111,0,0,0,0,5,100,9,0,0,0,0,0,0,0,4,15,7,16,0,0,0,0,0,0,0,2,0,0,0,0,0,11,0,0,0,0,0,0,0,0,0,0,390
100466,"Baldwin County, AL, USA","Alabama, USA","United States","30.747388663929, -87.924065082582","Land (beach, shoreline and inland)",2019-09-21,"Blakeley State Park",8,0,8,40,0.5,6,4,3,1,0,2,1,1,0,1,19,7,13,6,1,0,2,0,1,1,2,0,0,0,0,3,0,0,2,0,0,0,0,0,1,1,0,0,0,0,0,0,0,0,7,3,7,89
100469,"Mobile County, AL, USA","Alabama, USA","United States","30.646912576256, -88.060416472131","Land (beach, shoreline and inland)",2019-09-21,"Arlington Park",29,17,46,750,5,30,2000,900,30,16,50,30,10,60,15,100,7,75,40,10,0,10,10,5,0,0,0,0,0,10,8,5,0,2,0,0,15,20,10,20,0,2,0,0,0,10,0,0,0,400,0,600,4470
100471,"Baldwin County, AL, USA","Alabama, USA","United States","30.252781160447, -87.816609299275","Land (beach, shoreline and inland)",2019-09-21,"Fort Morgan",159,38,197,3601,13,118,1568,1307,85,169,1073,238,230,224,45,936,322,728,363,212,21,153,160,259,71,21,168,63,0,69,156,93,103,133,0,23,51,120,32,390,126,5,0,0,0,5,4,14,0,1686,702,3233,15361
100474,"Mobile County, AL, USA","Alabama, USA","United States","30.582444721465, -88.073863902711","Land (beach, shoreline and inland)",2019-09-21,"West Mobile Bay",61,21,82,2307,5,75,280,802,83,204,447,61,75,114,8,1278,491,596,196,85,53,52,33,261,59,39,119,35,0,12,85,57,15,63,0,6,2,39,21,58,1,11,0,0,5,3,1,0,0,282,75,169,6276
100476,"Baldwin County, AL, USA","Alabama, USA","United States","30.283926353299, -87.554814475439","Land (beach, shoreline and inland)",2019-09-21,"Boggy Point",77,13,90,296,27,32,1176,246,0,14,206,51,53,80,16,74,17,81,30,38,5,23,18,9,7,8,55,0,0,3,15,9,5,15,0,0,29,25,2,28,6,0,0,0,0,9,0,1,0,85,46,224,2709
100477,"Baldwin County, AL, USA","Alabama, USA","United States","30.304318890196, -87.468479709454","Watercraft (powerboat, sailboat, kayak or canoe)",2019-09-21,"Ono Island",26,3,29,275,20,13,24,34,11,3,15,2,11,1,0,60,9,49,11,29,5,5,9,19,2,6,3,3,0,2,14,7,7,3,0,0,0,0,0,26,0,1,0,0,0,0,0,0,0,25,4,38,438
100478,"Baldwin County, AL, USA","Alabama, USA","United States","30.364064801653, -87.619929718743","Land (beach, shoreline and inland)",2019-09-21,"Wolf Bay",88,60,148,1470,18,45,264,96,22,24,71,12,33,22,16,138,29,149,27,68,19,21,16,32,6,6,9,16,0,2,32,12,9,23,0,0,7,1,7,90,0,2,3,0,1,3,0,0,0,57,152,171,1668
100479,"Baldwin County, AL, USA","Alabama, USA","United States","30.254692597255, -87.643462989502","Land (beach, shoreline and inland)",2019-09-21,"Gulf State Park",125,38,163,534,1.5,81,2067,474,32,35,917,79,98,189,37,125,47,109,90,86,21,23,18,23,23,23,13,19,0,33,93,9,112,19,0,2,18,114,12,115,6,5,0,0,16,5,4,11,0,249,82,928,6381
100480,"Mobile County, AL, USA","Alabama, USA","United States","30.707579641261, -88.15389683366","Land (beach, shoreline and inland)",2019-09-21,"Three Mile Creek",156,41,197,500,2,38,602,507,21,34,239,140,69,82,29,212,51,83,90,71,31,35,33,110,2,10,8,4,0,4,140,5,18,67,0,2,71,74,19,80,4,4,0,0,5,14,2,1,0,379,451,1246,5049
100481,"Baldwin County, AL, USA","Alabama, USA","United States","30.343877227282, -87.506498584426","Watercraft (powerboat, sailboat, kayak or canoe)",2019-09-21,"Perdido Beach",38,3,41,3437,19,31,259,25,18,7,45,8,11,9,0,90,12,96,12,28,2,6,1,21,6,2,4,8,0,0,13,11,3,5,0,0,1,0,2,164,2,2,0,0,1,1,0,2,0,16,58,48,999
100482,"Baldwin County, AL, USA","Alabama, USA","United States","30.304846063572, -87.729142254328","Land (beach, shoreline and inland)",2019-09-21,"Bon Secour",23,35,58,245,2,14,192,25,19,20,17,4,11,22,0,35,17,46,3,4,5,2,1,13,0,1,1,0,0,5,13,0,0,7,0,0,0,5,7,2,0,0,0,0,0,1,1,0,0,12,8,37,536
100483,"Baldwin County, AL, USA","Alabama, USA","United States","30.405855165944, -87.436812579869","Land (beach, shoreline and inland)",2019-09-21,"Perdido Bay",5,0,5,550,1,7,1100,25,1,0,10,15,20,5,0,10,20,100,5,10,0,0,5,5,0,0,20,0,0,4,0,0,0,5,0,0,0,0,0,0,0,2,0,0,0,2,0,1,0,0,0,0,1365
100484,"Baldwin County, AL, USA","Alabama, USA","United States","30.52342222341, -87.912421138821","Land (beach, shoreline and inland)",2019-09-21,Fairhope,509,132,641,4000,15,0,2019,209,62,38,312,192,203,149,40,212,131,93,54,14,9,54,38,30,5,11,32,19,0,14,22,10,31,10,0,1,22,291,4,284,34,14,0,0,4,10,0,3,0,242,88,249,5259
100486,"Mobile County, AL, USA","Alabama, USA","United States","30.683069018168, -88.123245915235","Land (beach, shoreline and inland)",2019-09-21,"Eslava Creek",31,4,35,450,1,30,42,416,28,40,57,24,188,134,4,316,157,192,398,37,75,44,85,363,0,1,0,1,0,2,95,8,12,18,0,4,0,5,6,10,0,5,0,0,1,2,0,0,0,430,40,176,3416
100533,"Baldwin County, AL, USA","Alabama, USA","United States","30.26451, -87.60825","Land (beach, shoreline and inland)",2019-12-06,"Gulf state park",1,0,1,6.84,0,0,10,0,0,2,0,0,0,7,1,2,2,7,1,0,0,0,0,0,0,0,0,0,5,0,0,0,0,0,0,0,0,0,0,0,0,0,4,5,0,0,0,0,0,0,0,0,46
100561,"Mobile County, AL, USA","Alabama, USA","United States","30.444886847201, -88.113749168695","Land (beach, shoreline and inland)",2019-09-21,"Fowl River",55,41,96,800,15,34,359,180,15,20,96,49,44,57,13,178,77,146,66,33,47,41,19,18,8,4,77,3,0,10,55,19,10,32,0,1,2,27,10,56,2,26,0,0,2,2,0,1,0,223,174,348,2550
100563,"Mobile County, AL, USA","Alabama, USA","United States","30.371880426006, -88.227825993799","Land (beach, shoreline and inland)",2019-09-21,"Bayou La Batre",136,14,150,1010,15,67,494,312,71,79,172,34,141,122,59,536,307,537,137,61,49,68,59,98,47,37,35,41,0,26,78,67,21,98,0,2,3,27,24,22,3,5,0,0,2,1,2,4,0,146,170,198,4395
100565,"Baldwin County, AL, USA","Alabama, USA","United States","30.269646481885, -87.58250470972","Land (beach, shoreline and inland)",2019-09-21,"Orange Beach",53,5,58,462,5,37,3039,511,17,21,1918,178,55,291,39,204,72,171,91,29,10,22,23,34,3,18,14,148,0,5,47,10,284,83,0,0,11,254,17,59,24,1,0,0,3,10,0,2,0,251,38,755,8762
100567,"Baldwin County, AL, USA","Alabama, USA","United States","30.255274096826, -87.715781755565","Watercraft (powerboat, sailboat, kayak or canoe)",2019-09-21,"Little Lagoon",58,12,70,780,7,24,421,152,25,29,200,42,20,43,2,234,19,82,58,19,4,8,7,32,4,9,10,10,0,0,15,3,5,14,0,0,1,4,5,15,0,0,0,0,2,2,0,2,0,59,5,198,1760
100569,"Baldwin County, AL, USA","Alabama, USA","United States","30.679457969927, -87.993111377983","Watercraft (powerboat, sailboat, kayak or canoe)",2019-09-21,"Mobile Bay Causeway",79,4,83,444.97,2,29,491,140,33,28,110,41,42,113,17,166,72,104,120,41,30,25,23,74,18,27,37,17,0,9,61,13,20,40,0,1,2,7,12,45,10,15,0,0,4,5,0,6,0,164,62,240,2485
100571,"Baldwin County, AL, USA","Alabama, USA","United States","30.415427381295, -87.825977469738","Land (beach, shoreline and inland)",2019-09-21,"Weeks Bay",72,10,82,580,9,24,203,90,5,15,76,46,13,31,17,133,73,181,56,28,2,16,32,22,10,14,34,33,0,6,60,17,3,35,0,1,18,9,9,21,1,13,0,0,2,1,1,0,0,194,42,357,1920
101726,"Baldwin County, AL, USA","Alabama, USA","United States","30.50147, -87.88667","Land (beach, shoreline and inland)",2019-12-17,"Fairhope pier ",1,0,1,2.59,0,0,17,0,0,0,0,0,0,4,3,2,1,6,0,0,0,0,0,0,0,0,0,0,2,0,0,0,0,0,1,0,0,0,0,0,0,0,1,0,0,0,0,0,0,0,0,0,37
101730,"Baldwin County, AL, USA","Alabama, USA","United States","30.50147, -87.88667","Land (beach, shoreline and inland)",2019-12-17,"Fairhope pier ",1,0,1,2.59,0,0,17,0,0,0,0,0,0,4,3,2,1,6,0,0,0,0,0,0,0,0,0,0,2,0,0,0,0,0,1,0,0,0,0,0,0,0,1,0,0,0,0,0,0,0,0,0,37
101804,"Baldwin County, AL, USA","Alabama, USA","United States","30.322256078461, -87.533694194829","Land (beach, shoreline and inland)",2019-09-21,Josephine,15,3,18,270,4,16,127,84,42,51,56,5,29,19,3,84,17,72,24,17,0,10,10,49,6,3,8,9,0,2,8,6,2,11,0,0,3,6,12,45,1,3,4,0,0,2,1,0,0,93,22,124,1070
101808,"Baldwin County, AL, USA","Alabama, USA","United States","30.247585386717, -87.689020222691","Land (beach, shoreline and inland)",2019-09-21,"Gulf Shores",78,32,110,615,2,41,1560,245,8,56,592,53,77,198,64,47,12,60,62,44,18,19,36,17,86,21,26,15,0,12,27,3,13,48,0,1,11,269,3,14,6,1,0,0,4,1,0,0,0,452,23,684,4888
101811,"Mobile County, AL, USA","Alabama, USA","United States","30.533732988977, -88.123024490153","Land (beach, shoreline and inland)",2019-09-21,"Theodore Industrial Canal",56,17,73,265,0.25,17,180,134,46,43,107,27,37,56,22,224,46,186,80,71,20,22,29,79,3,2,24,5,0,24,27,20,21,28,0,0,1,0,5,9,0,14,0,0,1,3,1,2,0,193,17,98,1907
101817,"Mobile County, AL, USA","Alabama, USA","United States","30.629075615858, -88.102573869421","Watercraft (powerboat, sailboat, kayak or canoe)",2019-09-21,"Dog River",184,0,184,2146,40,75,580,853,165,277,321,107,235,194,33,977,286,596,430,130,127,137,173,274,25,6,20,6,0,14,499,69,16,155,0,4,35,98,54,26,5,52,0,0,8,6,7,7,0,0,0,0,7007
101818,"Calhoun County, AL, USA","Alabama, USA","United States","33.812995513755, -85.766418918898","Land (beach, shoreline and inland)",2019-09-21,"Jacksonville City Park",3,0,3,45,0.5,6,40,51,7,15,11,2,32,19,6,60,53,59,20,0,1,30,1,23,0,0,0,0,0,1,0,2,3,10,0,1,1,15,0,0,0,0,0,0,0,2,1,0,0,21,7,32,526
101819,"Calhoun County, AL, USA","Alabama, USA","United States","33.81763300596, -85.773290698295","Land (beach, shoreline and inland)",2019-09-21,"Chief Ladiga Trail",6,0,6,34,1,4,28,32,1,5,7,1,8,12,2,19,5,11,10,4,0,2,1,10,0,0,0,2,0,1,0,0,0,10,0,0,0,8,1,1,0,1,0,0,0,0,0,0,0,0,4,0,186
101820,"Calhoun County, AL, USA","Alabama, USA","United States","33.847650226825, -85.757515604851","Land (beach, shoreline and inland)",2019-09-21,"Germania Springs",2,0,2,7,0.5,1,30,14,0,0,7,0,0,0,0,0,0,1,0,0,0,0,0,0,0,0,0,0,0,0,0,0,3,0,0,0,2,3,0,0,0,0,0,0,0,0,0,0,0,0,0,4,64
101825,"Montgomery County, AL, USA","Alabama, USA","United States","32.340261456558, -86.21240953958","Land (beach, shoreline and inland)",2019-09-21,"Ida Bell Young Park",12,10,22,113,1,5,0,47,24,22,12,0,8,4,10,86,6,4,56,13,27,26,17,47,0,0,0,0,0,2,9,9,2,6,0,0,36,3,0,3,0,4,0,0,0,0,0,0,0,51,3,59,596
101830,"Pike County, AL, USA","Alabama, USA","United States","31.83032129815, -85.993116263848","Land (beach, shoreline and inland)",2019-09-21,"Troy State Philosophy Society-Conecuh River",37,0,37,105,3,30,111,102,64,28,64,52,54,38,82,117,83,149,81,37,38,20,50,52,5,1,1,0,0,18,12,23,1,57,0,1,1,42,19,5,1,5,0,0,7,2,10,1,0,94,50,101,1679
101839,"Pike County, AL, USA","Alabama, USA","United States","31.804166131577, -86.047977902171","Land (beach, shoreline and inland)",2019-09-21,"Troy State Environmental Club-Conecuh River Bridge",26,0,26,250,0.5,24,30,13,5,10,7,6,9,6,4,85,12,116,31,10,9,5,5,5,3,1,1,1,0,5,11,5,0,14,0,1,0,1,1,2,1,1,0,0,1,1,0,5,0,49,14,60,546
101844,"Covington County, AL, USA","Alabama, USA","United States","31.295791202231, -86.497714136427","Land (beach, shoreline and inland)",2019-09-21,"Covington County 4H",8,12,20,100,1,10,250,57,0,63,40,32,80,78,15,56,7,29,10,0,32,0,26,47,0,0,0,0,0,0,0,0,0,9,0,0,0,0,0,3,0,1,0,0,1,2,0,0,0,300,40,0,1178
101847,"Conecuh County, AL, USA","Alabama, USA","United States","31.301478263615, -86.716785684868","Land (beach, shoreline and inland)",2019-09-21,"Bull Slough Bridge, Sepulga River",12,0,12,240,0.5,6,85,12,1,4,1,20,4,18,3,40,100,121,8,3,18,75,12,3,0,0,0,0,0,19,4,0,18,12,0,1,0,85,0,4,0,3,0,0,0,3,0,0,0,0,0,0,677
101849,"Conecuh County, AL, USA","Alabama, USA","United States","31.262215762637, -86.76184977891","Land (beach, shoreline and inland)",2019-09-21,"Bottle Creek Boat Landing, Sepulga River",12,0,12,240,1,8,18,100,12,15,4,18,3,15,3,24,85,120,3,17,0,33,17,8,0,0,0,0,0,20,0,14,0,8,0,1,0,125,3,1,0,2,0,0,0,3,0,8,0,0,0,0,680
101863,"Conecuh County, AL, USA","Alabama, USA","United States","31.407687640291, -86.729816840353","Land (beach, shoreline and inland)",2019-09-21,"Staples Bridge Boat Landing, Sepulga River",6,0,6,210,0.75,6,100,27,12,18,8,40,0,7,5,18,59,100,16,18,0,15,20,25,0,0,0,0,0,0,0,0,0,0,0,1,0,0,0,0,0,3,0,0,0,8,0,0,0,0,0,0,500
101868,"Conecuh County, AL, USA","Alabama, USA","United States","31.453957148533, -86.786342763279","Land (beach, shoreline and inland)",2019-09-21,"Travis Bridge Boat Landing, Sepulga River",12,0,12,80,0.5,2,0,40,8,6,0,18,0,12,6,45,75,200,12,0,0,30,0,0,0,0,0,0,0,0,0,0,0,0,0,0,0,0,0,0,0,2,0,0,0,6,0,0,0,0,0,0,460
101873,"Conecuh County, AL, USA","Alabama, USA","United States","31.301339885734, -86.716685062886","Watercraft (powerboat, sailboat, kayak or canoe)",2019-09-21,"Sepulga River",6,0,6,100,8,4,0,12,0,0,20,0,3,1,12,40,25,12,8,0,0,6,7,4,0,0,0,0,0,12,0,3,0,8,0,1,0,0,0,2,0,1,0,0,0,3,0,4,0,0,0,0,184
102732,"Mobile County, AL, USA","Alabama, USA","United States","30.251516278989, -88.102170494579","Land (beach, shoreline and inland)",2019-09-21,"Dauphin Island",275,55,330,1027,24,69,3610,678,34,53,1152,162,220,259,43,661,173,465,174,197,101,52,107,175,151,76,78,88,0,77,338,31,86,85,0,2,11,200,32,135,6,7,0,0,5,11,2,14,0,954,157,1993,12855
102733,"Escambia County, AL, USA","Alabama, USA","United States","31.003829456885, -87.164432581558","Watercraft (powerboat, sailboat, kayak or canoe)",2019-09-21,"Conecuh and Escambia Rivers",42,16,58,895,29,97,32,80,31,106,62,72,119,69,121,212,115,410,60,14,3,8,82,93,1,6,26,7,0,28,68,223,3,30,0,4,0,25,25,48,0,1,0,0,0,2,0,0,0,317,192,96,2791
103785,"Baldwin County, AL, USA","Alabama, USA","United States","30.25459, -87.66926","Land (beach, shoreline and inland)",2020-01-07,"Gulf State Park",1,0,1,4.49,0,0,10,0,1,0,2,0,2,4,1,3,0,3,4,0,0,0,1,0,0,0,0,0,6,0,0,0,0,0,0,0,1,0,0,0,0,0,1,2,0,0,0,0,0,0,0,2,43
103786,"Baldwin County, AL, USA","Alabama, USA","United States","30.25459, -87.66926","Land (beach, shoreline and inland)",2020-01-07,"Gulf State Park",1,0,1,4.49,0,0,10,0,1,0,2,0,2,4,1,3,0,3,4,0,0,0,1,0,0,0,0,0,6,0,0,0,0,0,0,0,1,0,0,0,0,0,1,2,0,0,0,0,0,0,0,2,43
104428,"Baldwin County, AL, USA","Alabama, USA","United States","30.62007, -87.85204","Land (beach, shoreline and inland)",2020-01-12,"Gulf State Park",1,0,1,5.96,0,0,46,8,3,0,1,0,0,5,6,1,1,7,0,0,0,0,1,0,0,0,0,0,6,0,0,0,0,0,2,0,1,0,0,0,0,0,1,4,0,0,0,0,0,0,0,2,95
106546,"Baldwin County, AL, USA","Alabama, USA","United States","30.280335636152, -87.518456480062","Land (beach, shoreline and inland)",2019-09-21,FloraBama,30,22,52,140,2,29,692,166,25,24,204,86,77,266,26,105,70,288,72,52,4,32,103,41,2,6,3,3,0,5,34,1,73,29,0,0,3,50,6,86,21,1,4,0,1,0,2,2,0,38,7,281,2991
106595,"Baldwin County, AL, USA","Alabama, USA","United States","30.27884, -87.53179","Land (beach, shoreline and inland)",2020-01-15,"Gulf State Park",1,0,1,5.43,0,0,4,1,1,0,0,0,0,6,4,0,4,7,1,0,0,0,0,0,0,0,0,0,5,0,0,0,0,0,2,0,0,0,0,0,0,0,0,1,0,0,0,0,0,0,0,2,38
106871,"Baldwin County, AL, USA","Alabama, USA","United States","30.412871047098, -87.828598664003","Land (beach, shoreline and inland)",2019-09-21,,2,0,2,2,0.25,1,0,1,0,0,1,0,0,0,0,1,0,8,1,1,0,0,0,0,0,0,0,0,0,0,1,0,0,0,0,0,1,0,0,0,0,0,0,0,0,0,0,0,0,2,0,1,18
Totals:,,,,,,,,,,,,,,88396,34513,6703,7786,28628,9662,9592,13800,3843,33307,12703,27888,10481,6685,2904,4801,5568,9214,1369,1711,3240,2201,142,1350,8006,3806,2752,6326,131,173,1577,6645,1448,7189,1033,993,114,720,333,545,137,426,55,27714,12725,41865
