"Cleanup ID",Zone,State,Country,GPS,"Cleanup Type","Cleanup Date","Group Name",Adults,Children,People,Pounds,Miles,"# of bags","Cigarette Butts","Food Wrappers (candy, chips, etc.)","Take Out/Away Containers (Plastic)","Take Out/Away Containers (Foam)","Bottle Caps (Plastic)","Bottle Caps (Metal)","Lids (Plastic)","Straws, Stirrers","Forks, Knives, Spoons","Beverage Bottles (Plastic)","Beverage Bottles (Glass)","Beverage Cans","Grocery Bags (Plastic)","Other Plastic Bags","Paper Bags","Cups, Plates (Paper)","Cups, Plates (Plastic)","Cups, Plates (Foam)","Fishing Buoys, Pots & Traps","Fishing Net & Pieces","Fishing Line (1 yard/meter = 1 piece)","Rope (1 yard/meter = 1 piece)","Fishing Gear (Clean Swell)","6-Pack Holders","Other Plastic/Foam Packaging","Other Plastic Bottles (oil, bleach, etc.)","Strapping Bands","Tobacco Packaging/Wrap","Other Packaging (Clean Swell)","Appliances (refrigerators, washers, etc.)",Balloons,"Cigar Tips","Cigarette Lighters","Construction Materials",Fireworks,Tires,Toys,"Other Trash (Clean Swell)",Condoms,Diapers,Syringes,"Tampons/Tampon Applicators","Personal Hygiene (Clean Swell)","Foam Pieces","Glass Pieces","Plastic Pieces","Total Items Collected"
7933,"Kenai Peninsula Borough, AK, USA","Alaska, USA","United States","59.638946699244, -151.47880554199","Land (beach, shoreline and inland)",2016-10-01,"CACS Coast Walk",2,0,2,150,4,4,2,7,0,0,0,0,1,0,0,4,2,16,4,1,0,2,0,0,5,1,4,1,0,0,5,0,1,0,0,0,0,0,0,9,1,5,0,0,0,0,0,0,0,11,0,7,89
7979,"Kenai Peninsula Borough, AK, USA","Alaska, USA","United States","59.79925267314, -151.84478759766","Land (beach, shoreline and inland)",2016-10-08,"CACS Coast Walk",3,0,3,15,1,1,4,2,0,0,0,0,5,0,0,3,2,7,0,0,0,0,0,0,1,1,1,1,0,0,7,2,0,0,0,0,0,0,0,0,0,0,0,0,0,0,0,0,0,1,0,5,42
7980,"Kenai Peninsula Borough, AK, USA","Alaska, USA","United States","59.664966343958, -151.69200897217","Land (beach, shoreline and inland)",2016-09-18,"CACS Coast Walk",1,0,1,7,2,1,0,0,0,0,1,0,0,0,0,13,0,2,0,0,0,0,2,0,3,0,6,0,0,0,0,0,0,0,0,0,0,0,0,0,0,0,0,0,0,0,0,0,0,4,0,13,44
7982,"Kenai Peninsula Borough, AK, USA","Alaska, USA","United States","59.675455223183, -151.40310287476","Land (beach, shoreline and inland)",2016-09-09,"CACS Coast Walk",4,0,4,60,2.5,6,0,3,2,0,2,3,2,0,0,2,6,33,8,5,0,0,1,0,1,0,45,0,0,0,2,1,2,0,0,0,0,0,0,2,0,0,0,0,0,0,0,0,0,14,14,21,169
7984,"Kenai Peninsula Borough, AK, USA","Alaska, USA","United States","59.680048492087, -151.38679504395","Land (beach, shoreline and inland)",2016-09-09,"CACS Coast Walk",1,0,1,30,1.6,3,0,3,0,0,0,2,1,0,0,0,0,16,3,2,0,0,0,0,1,0,25,0,0,0,0,0,1,0,0,0,0,0,0,2,0,0,0,0,0,0,0,0,0,10,6,15,87
7985,"Kenai Peninsula Borough, AK, USA","Alaska, USA","United States","59.680048492087, -151.38679504395","Land (beach, shoreline and inland)",2016-09-13,"CACS Coast Walk",4,0,4,30,0.9,3,0,0,2,0,2,1,1,0,0,2,6,17,5,3,0,0,1,0,0,0,0,20,0,0,2,1,1,0,0,0,0,0,0,0,0,0,0,0,0,0,0,0,0,4,8,6,82
7987,"Kenai Peninsula Borough, AK, USA","Alaska, USA","United States","59.805124026366, -151.06922149658","Land (beach, shoreline and inland)",2016-10-12,"CACS Coast Walk",2,0,2,15,0.5,2,0,16,2,0,4,27,3,2,2,3,30,84,10,1,0,0,7,0,0,0,0,1,0,4,1,0,0,0,0,0,1,0,0,0,0,0,0,0,0,0,0,6,0,0,0,1,205
8045,"Kenai Peninsula Borough, AK, USA","Alaska, USA","United States","59.70932660706, -151.27555847168","Land (beach, shoreline and inland)",2016-09-15,"CACS Coast Walk",2,0,2,10,1,1,0,0,0,0,0,0,0,0,0,0,0,0,0,0,0,0,0,0,0,0,0,0,0,0,0,0,0,0,0,0,0,0,0,0,0,0,0,0,0,0,0,0,0,0,0,0,0
8046,"Kenai Peninsula Borough, AK, USA","Alaska, USA","United States","59.638599634294, -151.20414733887","Land (beach, shoreline and inland)",2016-09-23,"CACS Coast Walk",13,0,13,40,1,4,5,23,0,1,7,1,0,4,1,6,1,5,3,3,0,1,1,0,1,0,0,6,0,0,15,3,1,0,0,0,0,0,0,69,0,0,0,0,0,0,0,1,0,622,7,52,839
8048,"Kenai Peninsula Borough, AK, USA","Alaska, USA","United States","59.465663719702, -151.53099060059","Watercraft (powerboat, sailboat, kayak or canoe)",2016-09-28,"CACS Coast Walk",1,0,1,0,1,0,0,0,0,0,1,0,0,0,0,0,0,0,0,0,0,0,0,0,0,0,0,0,0,0,0,0,0,0,0,0,0,0,0,0,0,0,0,0,0,0,0,0,0,0,0,0,1
8050,"Kenai Peninsula Borough, AK, USA","Alaska, USA","United States","59.675368551681, -151.71569824219","Land (beach, shoreline and inland)",2016-09-09,"CACS Coast Walk",2,0,2,10,3,1,0,0,0,0,0,0,0,0,0,0,0,0,0,0,0,0,0,0,0,0,0,0,0,0,0,0,0,0,0,0,0,0,0,0,0,1,0,0,0,0,0,0,0,0,0,0,1
8051,"Kenai Peninsula Borough, AK, USA","Alaska, USA","United States","59.615511759082, -151.44953727722","Land (beach, shoreline and inland)",2016-09-17,"CACS Coast Walk",4,0,4,24,1.5,3,0,5,1,0,7,0,1,1,0,17,3,16,1,4,0,1,2,1,5,1,4,3,0,0,20,9,1,0,0,0,0,0,0,8,0,1,1,0,0,0,0,0,0,15,0,4,132
8053,"Kenai Peninsula Borough, AK, USA","Alaska, USA","United States","59.657596160272, -151.67106628418","Land (beach, shoreline and inland)",2016-10-06,"CACS Coast Walk",1,0,1,5,3,1,1,0,0,0,0,0,0,0,0,0,0,0,0,0,0,0,0,0,0,0,0,0,0,0,0,0,0,0,0,0,0,0,0,0,0,0,0,0,0,0,0,0,0,0,0,0,1
8054,"Kenai Peninsula Borough, AK, USA","Alaska, USA","United States","59.602050976581, -151.41280174255","Land (beach, shoreline and inland)",2016-10-07,"CACS Coast Walk",1,0,1,5,0.5,1,36,27,4,1,7,0,1,6,1,6,0,6,5,14,5,5,0,1,0,2,7,0,0,0,7,1,4,1,0,0,1,0,3,17,1,0,0,0,1,0,0,0,0,10,10,11,201
8079,"Kenai Peninsula Borough, AK, USA","Alaska, USA","United States","59.773078044618, -151.86727523804","Land (beach, shoreline and inland)",2016-09-13,"CACS Coast Walk",39,0,39,99.8,0.8,8,54,11,0,4,3,10,11,3,2,38,11,52,5,10,2,6,1,1,2,4,12,10,0,0,6,1,1,4,0,0,2,20,2,35,1,0,0,0,0,0,1,1,0,36,6,83,451
8081,"Kenai Peninsula Borough, AK, USA","Alaska, USA","United States","59.608738619936, -151.43820762634","Land (beach, shoreline and inland)",2016-09-17,"CACS Coast Walk",5,2,7,9,1.12,2,499,99,0,0,12,8,2,9,2,5,1,6,3,5,1,2,1,1,0,0,957,5,0,0,12,0,9,4,0,1,1,3,0,1,0,0,0,0,0,0,0,0,0,67,6,122,1844
8082,"Kenai Peninsula Borough, AK, USA","Alaska, USA","United States","59.699108161515, -151.11059188843","Land (beach, shoreline and inland)",2016-09-24,"CACS Coast Walk",10,0,10,118.4,1,6,3,0,13,1,1,0,0,0,0,3,0,5,0,0,0,0,0,3,1,0,0,9,0,0,15,2,3,0,0,0,0,0,1,6,0,0,3,0,0,0,0,0,0,70,0,32,171
8083,"Kenai Peninsula Borough, AK, USA","Alaska, USA","United States","59.635042011627, -151.49708747864","Land (beach, shoreline and inland)",2016-09-26,"CACS Coast Walk",6,15,21,38.2,0.5,4,364,15,0,0,4,2,3,1,2,9,4,7,4,7,5,2,1,1,0,2,1,7,0,1,11,0,1,0,0,0,1,1,0,15,0,0,0,0,0,0,0,0,0,69,7,67,614
8085,"Kenai Peninsula Borough, AK, USA","Alaska, USA","United States","59.633122040309, -151.49876117706","Land (beach, shoreline and inland)",2016-11-04,"CACS Coast Walk",5,18,23,107.3,0.5,4,25,23,8,2,15,22,13,6,4,10,10,17,19,53,17,3,4,3,2,2,0,11,0,0,14,2,8,0,0,2,4,1,0,16,1,0,0,0,0,0,0,1,0,51,45,204,618
8086,"Kenai Peninsula Borough, AK, USA","Alaska, USA","United States","59.632384395012, -151.49785995483","Land (beach, shoreline and inland)",2016-09-26,"CACS Coast Walk",5,15,20,30.25,0.5,6,118,40,3,1,12,23,2,4,6,4,1,14,0,16,6,5,1,0,0,1,1,4,0,0,2,0,7,2,0,0,4,2,0,43,0,0,0,0,0,3,0,0,0,37,84,94,540
8090,"Kenai Peninsula Borough, AK, USA","Alaska, USA","United States","59.602061834223, -151.41172885895","Land (beach, shoreline and inland)",2016-09-22,"CACS Coast Walk",9,22,31,54,0.5,4,43,48,4,2,2,8,2,1,1,22,2,13,11,17,5,1,3,2,3,3,17,19,0,0,11,0,3,11,0,0,1,0,1,58,0,0,0,0,0,0,0,0,0,54,7,97,472
8098,"Kenai Peninsula Borough, AK, USA","Alaska, USA","United States","59.609976122295, -151.44361495972","Land (beach, shoreline and inland)",2016-09-20,"CACS Coast Walk",8,20,28,111.5,0.5,5,59,24,2,0,14,19,6,3,0,18,3,4,4,10,0,1,3,3,9,8,48,9,0,0,9,1,1,3,0,0,0,5,0,40,0,3,0,0,0,0,0,0,0,25,17,15,366
8100,"Kenai Peninsula Borough, AK, USA","Alaska, USA","United States","59.599792510741, -151.41220092773","Land (beach, shoreline and inland)",2016-09-21,"CACS Coast Walk",8,23,31,103.9,0.5,3,43,51,0,1,9,8,0,4,2,7,0,8,8,5,2,0,2,5,1,3,16,3,0,0,9,0,3,0,0,0,0,1,2,23,0,0,1,0,0,0,0,0,0,72,8,72,369
8105,"Kenai Peninsula Borough, AK, USA","Alaska, USA","United States","59.578698934365, -151.29684448242","Land (beach, shoreline and inland)",2016-10-04,"CACS Coast Walk",23,0,23,33.2,0.5,2,1,7,1,0,6,0,0,1,0,2,0,2,1,1,0,0,0,1,0,0,0,2,0,0,1,1,1,0,0,0,0,0,0,18,0,0,0,0,0,0,0,0,0,161,23,15,245
13200,"Kenai Peninsula Borough, AK, USA","Alaska, USA","United States","59.639467289941, -151.55570983887","Land (beach, shoreline and inland)",2016-10-04,"CACS Coast Walk",3,26,29,115.8,1,7,83,41,2,4,10,7,3,2,0,12,9,12,5,15,8,5,1,2,0,0,1,5,0,0,29,0,0,0,0,0,0,0,0,8,0,0,0,0,0,1,0,0,0,0,8,38,311
13203,"Kenai Peninsula Borough, AK, USA","Alaska, USA","United States","59.632178285341, -151.49648666382","Land (beach, shoreline and inland)",2016-11-30,"CACS Coast Walk",3,26,29,115.8,1,7,180,58,19,1,11,16,13,5,2,8,19,22,5,14,8,17,10,1,0,1,5,2,0,0,19,1,3,4,0,0,1,1,0,4,1,0,0,0,2,0,0,0,0,11,10,15,489
13204,"Kenai Peninsula Borough, AK, USA","Alaska, USA","United States","59.602311559029, -151.41426086426","Land (beach, shoreline and inland)",2016-10-04,"CACS Coast Walk",3,26,29,115.8,1,7,136,171,2,0,31,29,12,37,8,7,3,20,2,9,5,10,10,0,0,9,5,15,0,0,30,1,10,0,0,0,2,16,2,47,0,0,0,0,0,0,0,0,0,227,91,307,1254
13207,"Kenai Peninsula Borough, AK, USA","Alaska, USA","United States","59.608391242661, -151.43692016602","Land (beach, shoreline and inland)",2016-10-04,"CACS Coast Walk",3,26,29,115.8,1,7,97,48,8,1,16,12,1,3,1,17,9,36,5,33,19,33,34,8,5,1,87,8,0,2,18,1,9,0,0,0,0,22,2,62,0,1,0,0,1,2,1,1,0,139,38,303,1084
13209,"Kenai Peninsula Borough, AK, USA","Alaska, USA","United States","59.603093294252, -151.42541885376","Land (beach, shoreline and inland)",2016-10-04,"CACS Coast Walk",3,26,29,115.8,1,7,1115,423,4,9,34,19,18,146,15,10,12,31,17,25,103,30,25,4,2,20,2,7,0,0,29,2,5,3,0,0,2,3,0,394,0,0,0,0,0,2,0,0,0,110,72,305,2998
15373,"Northwest Arctic, AK, USA","Alaska, USA",,"67.726498576236, -164.53845977783","Land (beach, shoreline and inland)",2016-10-17,CACS,2,7,9,30,0.5,0,11,103,0,0,4,0,0,4,1,19,0,83,19,19,0,6,1,4,0,0,0,1,0,0,16,3,0,4,0,0,0,0,1,1,0,0,0,0,0,1,0,0,0,4,0,9,314
15374,"Northwest Arctic, AK, USA","Alaska, USA",,"67.726498576236, -164.53845977783","Land (beach, shoreline and inland)",2016-10-18,cacs,2,12,14,30,0.25,5,130,126,0,3,12,0,1,2,3,20,0,90,11,17,10,6,6,11,0,0,0,1,0,1,12,1,7,13,0,0,0,0,0,4,0,0,0,0,0,2,0,0,0,3,3,39,534
15375,"Nome, AK, USA","Alaska, USA",,"66.255799516876, -166.07242584229","Land (beach, shoreline and inland)",2016-09-28,,40,38,78,285,0.25,14,46,160,4,2,8,0,6,0,0,47,0,162,17,71,18,2,6,4,6,0,0,0,0,2,114,16,60,8,0,2,0,0,1,153,0,5,0,0,0,7,0,0,0,10,64,95,1096
15376,"Nome, AK, USA","Alaska, USA",,"65.621880906755, -168.10953140259","Land (beach, shoreline and inland)",2016-09-30,,8,19,27,100,1,10,6,23,0,0,0,0,0,0,0,42,0,102,0,18,0,0,0,0,0,4,2,18,0,0,84,3,21,0,0,0,0,0,0,44,0,0,0,0,0,1,0,0,0,4,0,5,377
15384,"Kenai Peninsula Borough, AK, USA","Alaska, USA","United States","59.634261019594, -151.52858734131","Land (beach, shoreline and inland)",2016-09-24,"CACS Coast Walk",1,0,1,10,1.5,1,1,0,0,2,4,0,1,0,0,3,0,7,2,1,0,0,0,1,0,0,0,6,0,0,0,5,0,0,0,0,0,0,0,13,1,0,0,0,0,0,0,0,0,17,0,0,64
19420,"Kodiak Island, AK, USA","Alaska, USA","United States","57.82306, -152.39701","Land (beach, shoreline and inland)",2017-05-30,"Dry Spruce",6,0,6,27.8,0.0678,0,0,16,0,12,32,0,10,13,0,35,1,19,10,0,0,0,6,0,0,0,0,0,18,0,0,0,0,0,50,0,0,0,0,0,0,0,4,53,0,0,0,0,8,0,0,70,357
23436,"Prince of Wales-Hyder Census Area, AK, USA","Alaska, USA","United States","55.420908577918, -133.10068488121","Land (beach, shoreline and inland)",2017-09-16,"Craig, Alaska Debris Busters!",9,0,9,120,1,7,7,32,1,0,26,11,4,9,3,12,6,21,10,10,0,1,2,0,1,9,14,28,0,1,17,1,2,2,0,0,0,2,0,18,14,0,0,0,0,0,0,2,0,19,14,761,1060
27836,"Kenai Peninsula Borough, AK, USA","Alaska, USA","United States","59.638317641379, -151.54631137848","Land (beach, shoreline and inland)",2017-09-15,"CACS Coast Walk",7,2,9,50,0.25,0,89,54,0,0,3,10,3,6,0,5,2,10,4,2,0,1,1,0,0,0,0,4,0,0,14,0,1,9,0,0,0,0,0,59,0,0,0,0,2,1,0,0,0,45,57,7,389
27838,"Kenai Peninsula Borough, AK, USA","Alaska, USA","United States","59.631180262719, -151.4936542511","Land (beach, shoreline and inland)",2017-09-19,"CACS Coast Walk",9,24,33,82,1,8,290,99,2,7,14,34,10,5,6,16,2,29,37,67,31,16,11,0,0,1,2,31,0,0,55,6,4,6,0,0,0,0,0,1228,2,3,0,0,0,0,1,0,0,36,80,153,2284
27842,"Kenai Peninsula Borough, AK, USA","Alaska, USA","United States","59.583892092644, -151.27126693726","Land (beach, shoreline and inland)",2017-08-22,"CACS Coast Walk",9,23,32,57,0.25,0,2,4,0,5,1,0,1,0,0,1,1,1,0,0,1,0,1,1,0,0,0,1,0,0,13,0,1,0,0,0,0,2,0,18,0,0,0,0,0,0,0,0,0,51,0,5,110
27846,"Kenai Peninsula Borough, AK, USA","Alaska, USA","United States","59.637645187175, -151.54326438904","Land (beach, shoreline and inland)",2017-04-25,"CACS Coast Walk",6,20,26,47,0.25,0,31,39,4,0,8,26,3,5,1,11,19,26,6,5,8,4,3,2,0,3,9,0,0,0,30,0,4,3,0,2,0,13,1,433,15,0,0,0,1,0,0,0,0,657,340,89,1801
27851,"Kenai Peninsula Borough, AK, USA","Alaska, USA","United States","59.609520205675, -151.43915176392","Land (beach, shoreline and inland)",2017-11-17,"CACS Coast Walk",2,0,2,4,0.25,1,264,47,0,2,6,2,0,3,0,4,2,4,1,0,0,0,1,0,0,0,191,3,0,0,19,0,0,2,0,0,1,0,0,0,0,0,0,0,0,0,0,0,0,30,3,30,615
27852,"Kenai Peninsula Borough, AK, USA","Alaska, USA","United States","59.576069456494, -151.26577377319","Land (beach, shoreline and inland)",2017-09-24,"CACS Coast Walk",10,0,10,71,0.5,4,3,17,0,0,38,0,0,1,3,9,1,5,5,5,0,4,2,0,7,0,1,32,0,1,66,3,1,0,0,0,0,0,1,18,1,1,0,0,0,0,0,1,0,639,61,109,1035
27853,"Kenai Peninsula Borough, AK, USA","Alaska, USA","United States","59.608608353878, -151.42713546753","Land (beach, shoreline and inland)",2017-10-10,"CACS Coast Walk",8,21,29,73,0.25,0,62,55,3,2,12,8,4,2,2,4,4,23,3,13,16,2,5,11,0,2,2,15,0,0,11,1,2,1,0,0,2,4,0,59,3,0,1,0,0,0,0,0,0,204,24,96,658
27856,"Kenai Peninsula Borough, AK, USA","Alaska, USA","United States","59.604548141954, -151.43121242523","Land (beach, shoreline and inland)",2017-10-11,"CACS Coast Walk",8,25,33,135,0.25,0,151,88,9,0,49,11,10,23,15,19,14,26,13,19,15,17,5,6,1,5,1,6,0,0,46,2,4,6,0,1,0,1,1,48,0,0,0,0,0,0,0,0,0,193,20,243,1068
27858,"Kenai Peninsula Borough, AK, USA","Alaska, USA","United States","59.60111720622, -151.4098405838","Land (beach, shoreline and inland)",2017-09-27,"CACS Coast Walk",8,1,9,28,0.25,0,89,16,1,0,0,0,1,5,0,10,4,21,0,6,0,1,0,0,1,1,77,21,0,1,11,0,0,0,0,0,0,0,0,4,0,0,0,0,0,0,0,1,0,62,4,75,412
28912,"Kenai Peninsula Borough, AK, USA","Alaska, USA","United States","59.678228592924, -151.72041893005","Land (beach, shoreline and inland)",2017-09-23,"CACS CoastWalk",2,0,2,80,2,2,0,0,0,0,14,0,5,0,0,41,0,10,0,0,0,1,0,1,5,0,0,15,0,0,19,9,2,0,0,0,0,0,1,2,0,0,0,0,0,0,0,1,0,23,1,26,176
28913,"Kenai Peninsula Borough, AK, USA","Alaska, USA","United States","59.602202983254, -151.41300559044","Land (beach, shoreline and inland)",2017-09-27,"CACS CoastWalk",8,1,9,80,0.5,6,59,16,1,0,0,0,1,5,0,10,4,21,0,6,0,1,0,0,1,1,77,21,0,1,11,0,0,0,0,0,0,0,0,4,0,0,0,0,0,0,0,1,0,62,4,75,382
28914,"Kenai Peninsula Borough, AK, USA","Alaska, USA","United States","59.602268128761, -151.41421794891","Land (beach, shoreline and inland)",2017-12-01,"CACS CoastWalk",1,1,2,15.16,0.5,1,11,7,1,0,0,0,0,1,1,4,0,7,0,1,0,0,0,0,0,1,0,1,0,0,0,0,3,0,0,0,0,0,0,0,0,0,0,0,0,0,0,0,0,4,3,172,217
28915,"Kenai Peninsula Borough, AK, USA","Alaska, USA","United States","59.629574685813, -151.19676589966","Land (beach, shoreline and inland)",2017-10-15,"CACS CoastWalk",10,0,10,213,1,8,4,25,2,19,91,2,27,3,2,18,4,10,3,9,1,1,1,0,6,2,4,38,0,0,19,3,3,0,0,0,0,2,6,37,0,0,2,0,1,0,0,1,0,205,0,380,931
28916,"Kenai Peninsula Borough, AK, USA","Alaska, USA","United States","59.637992261995, -151.49028539658","Land (beach, shoreline and inland)",2017-09-16,"CACS CoastWalk",1,0,1,4.97,0.75,1,0,1,0,0,0,0,0,0,0,1,0,3,0,1,0,0,0,0,0,0,0,0,0,0,0,0,0,0,0,0,0,0,0,0,0,1,0,0,0,0,0,0,0,0,1,0,8
28917,"Kenai Peninsula Borough, AK, USA","Alaska, USA","United States","59.633913906192, -151.51865243912","Land (beach, shoreline and inland)",2017-04-21,"CACS CoastWalk",2,0,2,4.17,2,1,6,1,0,0,2,1,0,0,0,1,0,3,5,3,0,0,0,0,1,0,1,2,0,0,1,0,0,1,0,0,0,0,1,8,0,0,0,0,0,0,0,0,0,3,13,8,61
28918,"Kenai Peninsula Borough, AK, USA","Alaska, USA","United States","59.639120230374, -151.54738426208","Land (beach, shoreline and inland)",2017-10-12,"CACS CoastWalk",80,0,80,244,0.75,10,190,152,11,5,72,27,15,13,11,55,31,42,14,22,15,17,5,6,6,4,15,44,0,0,207,4,12,6,0,5,3,2,6,1144,1,2,0,0,0,0,0,1,0,1424,300,408,4297
28968,"Kenai Peninsula Borough, AK, USA","Alaska, USA","United States","59.691312334884, -151.76239013672","Land (beach, shoreline and inland)",2017-10-01,"CACS Coastwalk",2,0,2,15,2.5,1,0,2,0,0,13,0,0,0,0,1,0,0,0,4,0,3,0,0,1,1,0,12,0,1,17,5,1,0,0,0,0,0,1,5,0,0,0,0,0,0,1,0,0,55,0,12,135
28969,"Kenai Peninsula Borough, AK, USA","Alaska, USA","United States","59.630268998762, -151.49253845215","Land (beach, shoreline and inland)",2017-10-02,"CACS Coastwalk",2,0,2,7,5,1,10,14,2,0,5,3,2,0,2,5,1,25,1,2,0,11,3,0,0,0,0,0,0,0,7,0,0,3,0,0,0,0,0,2,0,0,0,0,0,0,0,0,0,31,6,28,163
28970,"Kenai Peninsula Borough, AK, USA","Alaska, USA","United States","59.4457732237, -151.51657104492","Land (beach, shoreline and inland)",2017-09-01,"CACS Coastwalk",2,0,2,0,1,0,0,0,0,0,0,0,0,0,0,0,0,0,0,0,0,0,0,0,0,0,0,0,0,0,0,0,0,0,0,0,0,0,0,0,0,0,0,0,0,0,0,0,0,0,0,0,0
28971,"Kenai Peninsula Borough, AK, USA","Alaska, USA","United States","59.683688004477, -151.35040283203","Land (beach, shoreline and inland)",2017-10-15,"CACS Coastwalk",3,0,3,16,2.5,3,0,0,0,0,0,0,0,0,0,2,3,3,0,2,0,0,0,0,0,0,0,0,0,0,0,0,0,0,0,0,0,0,0,0,0,0,0,0,0,0,0,0,0,4,3,5,22
28972,"Kenai Peninsula Borough, AK, USA","Alaska, USA","United States","59.685420951053, -151.33666992188","Land (beach, shoreline and inland)",2017-10-01,"CACS Coastwalk",5,0,5,36,3,3,0,1,0,0,1,1,2,0,0,2,1,10,2,0,0,0,0,0,0,14,0,3,0,0,0,0,0,0,0,0,0,0,0,0,0,0,0,0,0,0,0,0,0,12,2,4,55
28973,"Kenai Peninsula Borough, AK, USA","Alaska, USA","United States","59.67086132466, -151.70471191406","Land (beach, shoreline and inland)",2017-10-01,"CACS Coastwalk",2,0,2,5,2,1,23,0,0,0,0,0,0,0,0,3,0,2,0,6,0,0,0,0,0,0,0,8,0,0,0,0,0,0,0,0,0,0,0,15,1,0,0,0,0,0,0,0,0,5,16,31,110
28974,"Kenai Peninsula Borough, AK, USA","Alaska, USA","United States","59.67086132466, -151.70471191406","Land (beach, shoreline and inland)",2017-10-01,"CACS Coastwalk",2,0,2,7,1,1,26,0,0,0,0,0,0,0,0,0,0,5,2,2,3,3,0,0,1,1,1,9,0,0,0,0,1,1,0,0,0,0,0,15,0,0,0,0,0,0,0,0,0,4,1,15,90
28975,"Kenai Peninsula Borough, AK, USA","Alaska, USA","United States","59.67086132466, -151.70471191406","Land (beach, shoreline and inland)",2017-10-01,"CACS Coastwalk",2,0,2,2,0.1,1,0,7,0,0,0,2,0,0,0,0,0,0,0,6,6,1,0,0,0,0,0,0,0,0,0,0,0,0,0,0,0,0,0,0,0,0,0,0,0,0,0,0,0,3,1,18,44
28976,"Kenai Peninsula Borough, AK, USA","Alaska, USA","United States","59.67086132466, -151.70471191406","Land (beach, shoreline and inland)",2017-10-01,"CACS Coastwalk",2,0,2,6,1,1,42,1,1,0,0,5,0,0,0,0,1,1,2,3,0,1,1,0,0,0,0,0,0,0,1,0,2,2,0,1,5,0,1,5,0,0,0,0,0,0,0,0,0,0,62,21,158
28977,"Kenai Peninsula Borough, AK, USA","Alaska, USA","United States","59.67086132466, -151.70471191406","Land (beach, shoreline and inland)",2017-10-01,"CACS Coastwalk",2,0,2,9,1,2,6,23,0,0,0,1,1,0,0,2,1,1,0,0,0,0,0,0,0,0,0,0,0,0,0,0,1,0,0,1,0,0,1,0,0,0,0,0,0,0,0,0,0,5,1,27,71
28978,"Kenai Peninsula Borough, AK, USA","Alaska, USA","United States","59.613601524745, -151.18698120117","Land (beach, shoreline and inland)",2017-10-01,"CACS Coastwalk",2,0,2,7,2,1,5,6,0,3,0,0,0,0,0,0,0,1,0,0,0,0,0,0,0,0,0,0,0,0,2,0,0,0,0,0,0,0,0,0,0,0,0,0,0,0,1,0,0,205,2,37,262
28979,"Kenai Peninsula Borough, AK, USA","Alaska, USA","United States","59.613601524745, -151.18698120117","Land (beach, shoreline and inland)",2017-10-01,"CACS Coastwalk",2,0,2,7,2,1,9,8,1,0,10,2,4,0,0,1,1,1,0,2,1,0,0,0,0,0,0,4,0,0,48,0,0,0,0,0,0,0,0,17,0,0,0,0,0,0,0,0,0,395,4,14,522
28980,"Kenai Peninsula Borough, AK, USA","Alaska, USA","United States","59.613601524745, -151.18698120117","Land (beach, shoreline and inland)",2017-10-01,"CACS Coastwalk",2,0,2,1,1,1,0,1,0,0,0,0,2,0,0,0,0,0,0,0,0,0,0,0,0,0,0,0,0,0,0,0,0,0,0,0,0,0,0,1,0,0,0,0,0,0,0,0,0,2,0,0,6
28981,"Kenai Peninsula Borough, AK, USA","Alaska, USA","United States","59.613601524745, -151.18698120117","Land (beach, shoreline and inland)",2017-10-01,"CACS Coastwalk",2,0,2,2,1,1,1,4,0,0,0,0,1,0,0,4,1,0,0,0,1,0,0,1,0,1,0,2,0,1,3,1,0,0,0,0,0,0,0,33,0,0,0,0,0,0,0,0,0,688,1,9,752
28983,"Kenai Peninsula Borough, AK, USA","Alaska, USA","United States","59.613601524745, -151.18698120117","Land (beach, shoreline and inland)",2017-10-01,"CACS Coastwalk",2,0,2,5,1,1,0,1,0,0,3,0,0,1,0,1,2,1,0,0,0,0,0,0,1,1,0,0,0,0,3,0,0,0,0,0,0,0,1,11,0,0,0,0,0,0,0,0,0,297,0,0,323
28984,"Kenai Peninsula Borough, AK, USA","Alaska, USA","United States","59.613601524745, -151.18698120117","Land (beach, shoreline and inland)",2017-10-01,"CACS Coastwalk",2,0,2,2,1,1,0,2,0,0,4,0,0,0,0,0,0,0,0,0,0,2,0,4,0,0,0,0,0,0,34,0,0,0,0,0,0,0,0,1,0,0,0,0,0,0,0,0,0,295,0,4,346
28985,"Kenai Peninsula Borough, AK, USA","Alaska, USA","United States","59.613601524745, -151.18698120117","Land (beach, shoreline and inland)",2017-10-01,"CACS Coastwalk",2,0,2,3,1,1,2,4,0,0,3,0,0,0,4,0,0,0,0,1,0,2,2,0,0,0,0,0,0,0,2,0,2,1,0,0,0,1,0,15,0,0,0,0,0,0,0,0,0,493,0,0,532
28986,"Kenai Peninsula Borough, AK, USA","Alaska, USA","United States","59.63300271693, -151.49691581726","Land (beach, shoreline and inland)",2017-10-15,"CACS Coastwalk",2,0,2,3,0.75,1,27,10,0,0,2,1,1,0,0,0,1,0,1,2,2,1,0,0,0,0,0,0,0,0,0,0,0,0,0,0,1,1,0,1,1,0,0,0,0,0,0,0,0,2,0,5,59
28987,"Kenai Peninsula Borough, AK, USA","Alaska, USA","United States","59.63300271693, -151.49691581726","Land (beach, shoreline and inland)",2017-10-01,"CACS Coastwalk",2,0,2,3,0.75,1,8,14,0,0,2,1,0,1,0,1,1,2,0,0,0,0,0,0,0,0,0,2,0,0,3,0,2,0,0,0,0,0,0,0,0,1,0,0,0,0,0,0,0,0,1,9,48
28988,"Kenai Peninsula Borough, AK, USA","Alaska, USA","United States","59.589975118343, -151.63879394531","Land (beach, shoreline and inland)",2017-10-15,"CACS Coastwalk",2,0,2,2,0.75,1,6,0,19,0,0,0,0,0,0,0,1,0,0,0,0,0,0,0,0,0,0,0,0,0,0,0,0,0,0,0,0,0,0,2,0,0,0,0,0,0,0,0,0,7,0,10,45
28989,"Kenai Peninsula Borough, AK, USA","Alaska, USA","United States","59.589975118343, -151.63879394531","Land (beach, shoreline and inland)",2017-10-15,"CACS Coastwalk",2,0,2,2,0.75,1,0,0,0,0,3,0,0,1,0,1,0,1,0,4,2,0,0,0,0,1,0,0,0,0,1,0,0,0,0,1,0,0,0,0,0,0,0,0,0,0,0,0,0,2,2,22,41
28990,"Kenai Peninsula Borough, AK, USA","Alaska, USA","United States","59.626960034779, -151.47247552872","Land (beach, shoreline and inland)",2017-10-15,"CACS Coastwalk",1,4,5,5,1,1,16,27,7,0,6,8,2,2,0,2,4,8,0,0,0,0,0,0,0,0,3,0,0,0,2,0,2,0,0,0,0,0,1,2,3,0,0,0,0,0,0,0,0,0,0,4,99
28991,"Kenai Peninsula Borough, AK, USA","Alaska, USA","United States","59.632785762846, -151.4973449707","Land (beach, shoreline and inland)",2017-10-15,"CACS Coastwalk",1,3,4,4,0.75,1,28,0,0,0,0,0,0,0,0,11,2,8,0,1,0,0,0,0,0,3,24,0,0,0,0,0,0,0,0,0,1,0,0,4,0,0,0,0,0,0,0,0,0,17,5,35,139
28992,"Kenai Peninsula Borough, AK, USA","Alaska, USA","United States","59.600530871872, -151.41378879547","Land (beach, shoreline and inland)",2017-10-15,"CACS Coastwalk",3,16,19,6,0.75,1,48,30,1,1,10,7,1,4,0,1,2,10,1,10,4,7,7,5,0,0,0,3,0,0,2,0,0,2,0,0,7,0,7,1,0,0,0,0,0,1,0,0,0,18,4,30,224
28993,"Kenai Peninsula Borough, AK, USA","Alaska, USA","United States","59.600530871872, -151.41378879547","Land (beach, shoreline and inland)",2017-10-15,"CACS Coastwalk",3,16,19,4,0.75,1,20,18,4,0,5,0,2,0,0,2,0,2,0,0,3,0,0,0,0,0,0,0,0,0,8,0,1,0,0,0,0,0,0,19,0,0,0,0,0,0,0,0,0,12,0,33,129
28994,"Kenai Peninsula Borough, AK, USA","Alaska, USA","United States","59.600530871872, -151.41378879547","Land (beach, shoreline and inland)",2017-10-15,"CACS Coastwalk",2,19,21,6,0.75,1,33,15,1,0,13,5,2,7,0,0,0,6,5,5,1,0,0,5,0,0,2,0,0,0,0,0,0,0,0,0,1,0,0,1,0,0,0,0,1,0,0,0,0,14,5,20,142
28995,"Kenai Peninsula Borough, AK, USA","Alaska, USA","United States","59.600530871872, -151.41378879547","Land (beach, shoreline and inland)",2017-10-15,"CACS Coastwalk",3,16,19,4,0.75,1,18,1,0,0,9,1,0,1,0,0,0,4,0,2,1,0,2,0,0,1,4,3,0,0,0,0,0,0,0,0,0,0,0,1,0,0,0,0,0,0,0,0,0,30,0,32,110
28996,"Kenai Peninsula Borough, AK, USA","Alaska, USA","United States","59.640508447109, -151.56566619873","Land (beach, shoreline and inland)",2017-09-22,"CACS Coastwalk",2,0,2,3,0.75,1,5,0,0,0,1,0,0,0,0,0,0,1,0,0,0,0,0,0,0,0,0,0,0,0,0,0,0,0,0,0,0,0,0,0,0,0,0,0,0,0,0,0,0,5,0,0,12
28997,"Kenai Peninsula Borough, AK, USA","Alaska, USA","United States","59.640508447109, -151.56566619873","Land (beach, shoreline and inland)",2017-09-22,"CACS Coastwalk",3,16,19,4,0.75,1,247,148,0,0,22,5,5,0,3,0,0,0,0,0,0,0,10,0,0,12,0,0,0,0,9,0,0,0,0,0,0,0,0,45,0,2,0,0,3,3,0,0,0,105,25,123,767
28998,"Kenai Peninsula Borough, AK, USA","Alaska, USA","United States","59.640508447109, -151.56566619873","Land (beach, shoreline and inland)",2017-09-22,"CACS Coastwalk",2,0,2,2,0.5,1,4,2,0,0,0,0,0,1,1,0,0,0,0,0,0,0,0,0,0,0,0,0,0,0,0,0,0,0,0,0,0,0,0,0,0,0,0,0,0,0,0,0,0,9,2,14,33
28999,"Kenai Peninsula Borough, AK, USA","Alaska, USA","United States","59.640508447109, -151.56566619873","Land (beach, shoreline and inland)",2017-09-22,"CACS Coastwalk",2,0,2,2,0.75,1,3,6,0,0,0,0,7,0,0,1,1,0,0,1,0,4,0,0,0,2,0,0,0,0,1,0,0,0,0,0,0,0,0,0,0,0,0,0,0,0,0,0,0,9,3,8,46
29000,"Kenai Peninsula Borough, AK, USA","Alaska, USA","United States","59.640508447109, -151.56566619873","Land (beach, shoreline and inland)",2017-09-22,"CACS Coastwalk",2,0,2,3,0.5,1,0,5,0,0,1,1,1,0,0,0,0,0,1,0,0,0,0,0,0,0,0,0,0,0,0,0,0,0,0,0,0,9,0,2,0,0,0,0,0,0,0,0,0,65,4,13,102
29001,"Kenai Peninsula Borough, AK, USA","Alaska, USA","United States","59.640508447109, -151.56566619873","Land (beach, shoreline and inland)",2017-09-22,"CACS Coastwalk",2,0,2,2,0.5,1,8,5,0,0,0,0,0,5,0,1,0,3,0,1,0,0,0,0,0,0,0,1,0,0,0,0,0,0,0,0,0,0,0,0,0,0,0,0,0,0,1,1,0,10,5,4,45
29002,"Kenai Peninsula Borough, AK, USA","Alaska, USA","United States","59.640508447109, -151.56566619873","Land (beach, shoreline and inland)",2017-09-22,"CACS Coastwalk",2,0,2,7,0.5,1,1,2,0,0,0,0,0,0,0,0,1,0,0,0,0,0,0,0,0,0,0,0,0,0,4,0,0,0,0,0,0,3,0,0,0,0,0,0,0,0,0,0,0,4,0,0,15
29003,"Kenai Peninsula Borough, AK, USA","Alaska, USA","United States","59.626580296743, -151.47382736206","Land (beach, shoreline and inland)",2017-09-22,"CACS Coastwalk",2,0,2,2,1,1,30,15,0,0,4,0,0,0,0,10,12,1,0,0,0,23,20,5,0,0,0,0,0,0,0,0,0,0,0,0,0,0,0,15,0,0,0,0,0,0,0,0,0,0,0,0,135
29004,"Kenai Peninsula Borough, AK, USA","Alaska, USA","United States","59.626580296743, -151.47382736206","Land (beach, shoreline and inland)",2017-09-22,"CACS Coastwalk",3,0,3,5,1,1,13,17,0,0,0,0,0,0,0,0,0,0,0,5,0,3,0,0,0,0,0,0,0,0,0,0,0,0,0,0,0,0,0,0,0,0,0,0,0,0,0,0,0,4,0,7,49
29005,"Kenai Peninsula Borough, AK, USA","Alaska, USA","United States","59.626580296743, -151.47382736206","Land (beach, shoreline and inland)",2017-09-22,"CACS Coastwalk",2,0,2,2,0.75,1,17,6,0,0,0,0,0,0,0,2,1,1,0,1,0,0,0,0,0,0,0,0,0,0,0,0,0,0,0,0,0,0,0,0,0,0,0,0,0,0,0,0,0,4,0,5,37
29006,"Kenai Peninsula Borough, AK, USA","Alaska, USA","United States","59.626580296743, -151.47382736206","Land (beach, shoreline and inland)",2017-09-22,"CACS Coastwalk",2,0,2,3,0.75,1,25,0,2,0,0,0,1,0,0,0,0,0,0,4,5,2,0,0,0,0,0,0,0,0,15,0,0,0,0,0,0,0,0,0,0,0,0,0,0,0,0,0,0,0,0,14,68
29007,"Kenai Peninsula Borough, AK, USA","Alaska, USA","United States","59.626580296743, -151.47382736206","Land (beach, shoreline and inland)",2017-09-22,"CACS Coastwalk",2,0,2,3,0.5,1,15,10,0,0,0,2,15,0,0,0,0,0,0,0,0,5,2,15,0,0,0,0,0,0,0,0,0,0,0,0,0,0,0,0,0,0,0,0,0,0,0,0,0,0,0,0,64
29008,"Kenai Peninsula Borough, AK, USA","Alaska, USA","United States","59.626580296743, -151.47382736206","Land (beach, shoreline and inland)",2017-09-22,"CACS Coastwalk",2,0,2,1,0.5,1,1,5,0,0,0,0,0,0,0,0,0,0,0,3,0,0,0,0,0,0,0,0,0,0,0,0,0,0,0,0,0,0,0,0,0,0,0,0,0,0,0,0,0,3,0,0,12
29009,"Kenai Peninsula Borough, AK, USA","Alaska, USA","United States","59.626580296743, -151.47382736206","Land (beach, shoreline and inland)",2017-09-22,"CACS Coastwalk",2,0,2,7,0.5,1,31,11,0,0,0,0,0,0,0,2,2,2,0,3,3,1,1,0,1,0,0,3,0,0,0,0,0,0,0,0,0,0,0,1,0,0,0,0,0,0,0,0,0,6,0,16,83
29010,"Kenai Peninsula Borough, AK, USA","Alaska, USA","United States","59.626580296743, -151.47382736206","Land (beach, shoreline and inland)",2017-09-22,"CACS Coastwalk",2,0,2,4,0.5,1,12,0,0,0,0,0,0,0,0,4,0,9,1,5,4,0,0,0,0,0,0,0,0,0,3,0,0,0,0,0,0,0,0,0,0,2,1,0,0,0,0,0,0,2,0,16,59
29011,"Kenai Peninsula Borough, AK, USA","Alaska, USA","United States","59.626580296743, -151.47382736206","Land (beach, shoreline and inland)",2017-09-22,"CACS Coastwalk",2,0,2,3,0.5,1,18,16,0,0,0,0,0,0,0,0,0,6,3,2,9,0,12,0,0,0,0,0,0,0,0,0,0,0,0,0,0,0,0,0,0,0,0,0,0,0,0,0,0,0,0,0,66
29012,"Kenai Peninsula Borough, AK, USA","Alaska, USA","United States","59.626580296743, -151.47382736206","Land (beach, shoreline and inland)",2017-09-22,"CACS Coastwalk",2,3,5,9,0.5,1,2,11,0,1,0,0,0,0,0,0,1,4,1,3,2,0,3,0,0,0,0,0,0,0,0,1,0,0,0,0,0,0,0,0,0,0,0,0,0,0,0,0,0,18,0,0,47
30025,"Skagway, AK 99840, USA","Alaska, USA","United States","59.47439, -135.29794","Land (beach, shoreline and inland)",2017-12-12,,2,0,2,0,1.3529,0,0,52,6,0,4,0,4,0,1,1,0,0,23,0,0,0,4,0,0,0,0,0,2,0,0,0,0,0,3,0,0,0,0,0,0,0,0,11,0,0,0,0,0,0,0,34,145
35174,"Kenai Peninsula Borough, AK, USA","Alaska, USA","United States","59.639804104837, -151.51624679362","Land (beach, shoreline and inland)",2018-03-11,"Zone 1",1,0,1,23,0.5,3,1,0,0,0,0,0,0,0,0,0,0,0,0,0,0,0,0,0,0,0,0,0,0,0,0,0,0,0,0,0,0,0,0,0,0,0,0,0,0,0,0,0,0,0,0,0,1
36125,"Kenai Peninsula Borough, AK, USA","Alaska, USA","United States","59.717724179954, -151.24487400055","Land (beach, shoreline and inland)",2017-09-16,"AK 2017 differences",66,0,66,948.33,0.001,0,0,0,0,0,0,0,0,0,0,0,0,0,0,0,0,0,0,0,0,0,0,0,0,0,0,0,0,0,0,0,0,0,0,0,0,0,0,0,0,0,0,0,0,0,0,1,1
37617,"Sitka, AK, USA","Alaska, USA","United States","57.058656606678, -135.32409667969","Land (beach, shoreline and inland)",2018-05-14,"Alaskan Brewing Co. and Sitka Sound Science Center",23,4,27,500,10,0,329,212,24,20,94,22,66,48,36,146,117,333,62,28,11,48,74,21,2,9,3,28,0,6,83,9,10,27,0,2,1,0,20,56,0,1,1,0,1,1,0,0,0,211,124,177,2463
37644,"Aleutians West, AK, USA","Alaska, USA","United States","57.12851, -170.2719","Land (beach, shoreline and inland)",2018-05-15,"St. Paul Island School (Grade 4)",9,0,9,35.07,0.099,0,0,0,0,1,0,0,8,0,0,7,0,3,12,0,0,0,0,0,0,0,0,0,34,0,0,0,0,0,0,0,0,0,0,0,0,0,1,128,0,0,0,0,0,0,0,11,205
40636,"Haines, AK, USA","Alaska, USA","United States","59.17264, -135.3908","Land (beach, shoreline and inland)",2018-08-01,,1,0,1,0.51,0,0,0,0,0,0,0,0,0,0,0,0,1,0,0,0,0,0,0,0,0,0,0,0,0,0,0,0,0,0,0,0,0,0,0,0,0,0,0,0,0,0,0,0,0,0,0,0,1
40639,"Haines, AK, USA","Alaska, USA","United States","59.20778, -135.36361","Land (beach, shoreline and inland)",2018-08-01,,1,0,1,5,0.3154,0,0,5,0,0,1,0,0,0,0,1,0,0,6,0,0,0,0,0,0,0,0,0,3,0,0,0,0,0,1,0,0,0,0,0,0,0,0,5,0,0,0,0,1,0,0,0,23
40640,"Haines, AK, USA","Alaska, USA","United States","59.20935, -135.37024","Land (beach, shoreline and inland)",2018-08-01,,1,0,1,0.17,0,0,0,0,0,0,0,0,0,0,0,0,0,0,0,0,0,0,0,0,0,0,0,0,0,0,0,0,0,0,2,0,0,0,0,0,0,0,0,0,0,0,0,0,0,0,0,0,2
40642,"Haines, AK, USA","Alaska, USA","United States","59.20935, -135.37024","Land (beach, shoreline and inland)",2018-08-01,,1,0,1,0.17,0,0,0,0,0,0,0,0,0,0,0,0,0,0,0,0,0,0,0,0,0,0,0,0,0,0,0,0,0,0,2,0,0,0,0,0,0,0,0,0,0,0,0,0,0,0,0,0,2
40691,"Juneau, AK, USA","Alaska, USA","United States","58.3973, -134.5871","Land (beach, shoreline and inland)",2018-08-03,,1,0,1,0.12,0.804,0,0,4,0,0,0,0,0,0,0,0,0,0,0,0,0,0,0,0,0,0,0,0,0,0,0,0,0,0,0,0,0,0,0,0,0,0,0,0,0,0,0,0,0,0,0,0,4
40809,"Haines, AK, USA","Alaska, USA","United States","59.27215, -135.44062","Land (beach, shoreline and inland)",2018-08-07,,1,0,1,0.24,0,0,0,0,0,0,0,0,0,0,0,0,0,0,0,0,0,0,0,0,0,0,0,0,0,0,0,0,0,0,0,0,0,0,0,0,0,0,0,2,0,0,0,0,0,0,0,0,2
41051,"Valdez-Cordova, AK, USA","Alaska, USA","United States","61.06854, -146.08452","Land (beach, shoreline and inland)",2018-08-16,,1,0,1,0.15,3.0306,0,0,0,0,0,0,0,0,0,0,0,0,1,0,0,0,0,0,0,0,0,0,0,0,0,0,0,0,0,0,0,0,0,0,0,0,0,0,1,0,0,0,0,0,0,0,0,2
41053,"Valdez-Cordova, AK, USA","Alaska, USA","United States","61.12679, -146.26196","Land (beach, shoreline and inland)",2018-08-16,,1,0,1,1.02,1.0227,0,0,0,0,0,0,0,0,0,0,0,2,0,0,0,0,0,0,0,0,0,0,0,0,0,0,0,0,0,0,0,0,0,0,0,0,0,0,0,0,0,0,0,0,0,0,0,2
41058,"Valdez-Cordova, AK, USA","Alaska, USA","United States","61.12791, -146.33235","Land (beach, shoreline and inland)",2018-08-16,,1,0,1,0.75,0.6673,0,0,6,0,0,1,0,0,0,0,0,1,2,0,0,0,0,0,0,0,0,0,0,0,0,0,0,0,0,0,0,0,0,0,0,0,0,0,0,0,0,0,0,0,0,0,0,10
41223,"Valdez-Cordova, AK, USA","Alaska, USA","United States","60.77619, -148.71667","Land (beach, shoreline and inland)",2018-08-22,,1,0,1,4.74,0.4328,0,2,4,0,0,0,0,1,1,0,3,0,0,0,0,0,0,1,0,0,0,0,0,0,0,0,0,0,0,6,0,0,0,0,0,0,0,2,21,0,0,0,0,1,0,0,37,79
41227,"Valdez-Cordova, AK, USA","Alaska, USA","United States","60.77695, -148.70369","Land (beach, shoreline and inland)",2018-08-22,,1,0,1,45,0.4482,0,0,3,0,0,0,0,0,0,0,0,0,0,0,0,0,0,0,0,0,0,0,0,0,0,0,0,0,0,2,0,0,0,0,0,0,0,0,5,0,0,0,0,0,0,0,0,10
41262,"Kenai Peninsula Borough, AK, USA","Alaska, USA","United States","60.16166, -149.44938","Land (beach, shoreline and inland)",2018-08-23,,1,0,1,0.15,0,0,0,0,0,0,0,0,0,0,0,0,0,5,0,0,0,0,0,0,0,0,0,0,0,0,0,0,0,0,0,0,0,0,0,0,0,0,0,0,0,0,0,0,0,0,0,0,5
41314,"Kenai Peninsula Borough, AK, USA","Alaska, USA","United States","60.04682, -149.44178","Land (beach, shoreline and inland)",2018-08-24,,1,0,1,0.12,0,0,0,0,0,0,0,0,0,0,0,0,0,0,0,0,0,0,0,0,0,0,0,0,0,0,0,0,0,0,0,0,0,0,0,0,0,0,0,1,0,0,0,0,0,0,0,0,1
41355,"Kenai Peninsula Borough, AK, USA","Alaska, USA","United States","60.3979, -151.29592","Land (beach, shoreline and inland)",2018-08-25,,1,0,1,2.23,0.8947,0,2,2,0,0,3,0,0,0,0,0,0,2,1,0,0,0,0,0,0,0,0,0,0,0,0,0,0,0,4,0,0,0,0,0,0,0,2,6,0,0,0,0,0,0,0,2,24
41356,"Kenai Peninsula Borough, AK, USA","Alaska, USA","United States","60.38983, -151.29695","Land (beach, shoreline and inland)",2018-08-25,,1,0,1,0.01,0,0,0,0,0,0,0,0,1,1,0,0,0,0,0,0,0,0,0,0,0,0,0,0,0,0,0,0,0,0,0,0,0,0,0,0,0,0,0,0,0,0,0,0,0,0,0,0,2
41371,"Kenai Peninsula Borough, AK, USA","Alaska, USA","United States","59.63966, -151.54806","Land (beach, shoreline and inland)",2018-08-25,,1,0,1,0.01,0.2943,0,0,0,0,0,0,0,0,1,0,0,0,0,0,0,0,0,0,0,0,0,0,0,0,0,0,0,0,0,0,0,0,0,0,0,0,0,0,0,0,0,0,0,0,0,0,1,2
41455,"Anchorage, AK, USA","Alaska, USA","United States","61.20241, -149.87825","Land (beach, shoreline and inland)",2018-08-28,,1,0,1,1.25,68.0431,0,0,0,0,0,2,0,0,0,0,1,0,1,0,0,0,0,0,0,0,0,0,0,0,0,0,0,0,0,1,0,0,0,0,0,0,0,0,3,0,0,0,0,0,0,0,0,8
41585,"Southeast Fairbanks, AK, USA","Alaska, USA","United States","63.33647, -142.98625","Land (beach, shoreline and inland)",2018-08-31,,1,0,1,2,0.1048,0,0,0,0,0,1,0,0,0,0,1,1,2,0,0,0,0,0,0,0,0,0,0,0,0,0,0,0,0,0,0,0,0,0,0,0,0,0,3,0,0,0,0,0,0,0,0,8
42193,"Prince of Wales-Hyder Census Area, AK, USA","Alaska, USA","United States","55.47254, -133.13337","Land (beach, shoreline and inland)",2018-09-22,"Craig volunteers",20,0,20,0,0.0216,0,0,0,0,0,0,0,0,0,0,0,0,0,0,0,0,0,0,0,0,0,0,0,0,0,0,0,0,0,0,0,0,0,0,0,0,0,0,0,0,0,0,0,0,0,0,0,0
42199,"Kenai Peninsula Borough, AK, USA","Alaska, USA","United States","59.561368861099, -151.3558952433","Land (beach, shoreline and inland)",2018-09-08,"cacs coastwalk",2,0,2,55.56,2.5,2,0,1,1,0,15,0,0,0,0,2,1,2,0,0,0,0,0,0,0,0,0,11,0,0,3,2,0,0,0,0,0,0,0,13,0,0,0,0,0,0,0,0,0,5,0,1,57
42218,"Kenai Peninsula Borough, AK, USA","Alaska, USA","United States","59.609083032121, -151.43821095055","Land (beach, shoreline and inland)",2018-09-12,"CACS Coast Walk",7,20,27,25.13,0.5,1,272,94,5,3,14,4,4,5,2,14,2,22,11,18,0,7,1,1,0,6,515,4,0,0,25,1,5,5,0,0,3,2,1,40,1,0,1,0,0,0,0,0,0,28,18,129,1263
47852,"Juneau, AK, USA","Alaska, USA","United States","58.2727, -134.38711","Land (beach, shoreline and inland)",2018-09-15,"Ocean Guardian AK",1,0,1,8.72,2.7429,0,25,12,0,1,15,0,0,1,0,0,9,4,8,0,0,0,4,0,0,0,0,0,0,0,0,0,0,0,1,0,2,0,0,0,0,0,0,23,0,0,0,0,0,0,0,32,137
47956,"Juneau, AK, USA","Alaska, USA","United States","58.29991, -134.42291","Land (beach, shoreline and inland)",2018-09-15,"Alaska Guardian",5,0,5,7.72,1.1513,0,31,6,7,6,10,0,9,12,0,3,2,11,4,0,0,0,12,0,0,0,0,0,0,0,0,0,0,0,3,0,1,0,0,0,0,0,8,2,0,0,0,0,1,0,0,13,141
51233,"Kenai Peninsula Borough, AK, USA","Alaska, USA","United States","59.621206800058, -151.45455596731","Land (beach, shoreline and inland)",2018-10-02,"CACS Coast Walk",7,20,27,138.5,1,7,259,123,6,1,28,42,2,7,5,7,6,22,16,26,2,4,3,1,3,4,103,25,0,0,10,1,20,6,0,0,2,4,0,184,6,1,4,0,1,0,0,0,0,66,37,143,1180
51234,"Kenai Peninsula Borough, AK, USA","Alaska, USA",,"59.637203053871, -151.54071820031","Land (beach, shoreline and inland)",2018-09-12,"CACS Coast Walk",1,5,6,70.2,1,8,76,87,11,0,14,25,6,3,6,3,27,33,4,10,0,12,8,7,0,1,2,2,0,3,8,1,6,4,0,1,3,0,0,88,0,0,2,0,0,0,0,1,0,43,105,121,723
52678,,"Alaska, USA","United States","59.667877440419, -151.43411038688","Land (beach, shoreline and inland)",2018-10-09,"CACS Coast Walk",8,40,48,128.25,1.3,4,0,4,0,0,0,0,1,0,1,4,15,10,3,0,5,0,0,0,19,5,2,15,0,0,3,2,6,0,0,0,0,0,0,8,0,0,0,0,0,0,0,0,0,33,13,16,165
52683,"Kenai Peninsula Borough, AK, USA","Alaska, USA",,"59.595625904966, -151.27267637948","Land (beach, shoreline and inland)",2018-09-23,"CACS Coast Walk",8,1,9,25.2,2,3,3,9,0,3,6,1,0,0,0,1,0,4,1,2,1,0,0,0,0,0,0,37,0,0,0,0,2,1,0,0,0,0,0,6,0,0,0,0,0,0,0,0,0,80,2,10,169
52686,"Kenai Peninsula Borough, AK, USA","Alaska, USA","United States","59.668911545537, -151.43156222612","Land (beach, shoreline and inland)",2018-09-30,"CACS Coast Walk",5,0,5,15,2,2,0,4,0,0,2,1,2,1,0,5,0,4,0,0,0,0,0,0,0,1,0,2,0,0,0,0,0,0,0,1,0,0,0,3,0,0,0,0,0,0,0,0,0,8,3,11,48
54834,"Kenai Peninsula Borough, AK, USA","Alaska, USA","United States","59.621969147183, -151.46217062993","Land (beach, shoreline and inland)",2018-09-21,"CACS Coast Walk",3,0,3,97.5,2,0,4,8,0,0,15,0,1,1,0,13,1,15,5,13,0,2,3,5,18,1,18,0,0,0,12,1,5,0,0,20,0,0,0,8,0,0,0,0,0,0,0,0,0,2,0,15,186
54838,,"Alaska, USA",,"59.639066299688, -151.55735686345","Land (beach, shoreline and inland)",2018-11-07,"CACS Coast Walk",16,80,96,332.25,0.75,0,207,156,5,3,67,35,16,19,12,40,26,48,5,23,3,14,5,3,35,29,28,14,0,0,109,5,1,5,0,3,3,34,3,991,2,0,0,0,7,1,6,0,0,2279,153,321,4716
54840,,"Alaska, USA","United States","59.471536393878, -151.57979756506","Land (beach, shoreline and inland)",2018-10-06,"CACS Coast Walk",4,0,4,124.25,1,8,2,11,0,2,17,2,0,0,0,12,1,7,3,1,0,0,4,5,13,7,29,53,0,0,23,8,2,2,0,3,0,0,0,12,0,0,0,0,0,0,0,0,0,503,1,36,759
57738,"Juneau, AK, USA","Alaska, USA","United States","58.40115, -134.60213","Land (beach, shoreline and inland)",2018-12-17,,1,0,1,1.55,0.0176,0,0,0,0,0,0,0,0,0,0,1,0,0,0,0,0,0,1,0,0,0,0,0,0,0,0,0,0,0,0,0,0,0,0,0,0,0,2,4,0,0,0,0,0,0,0,0,8
59342,"Matanuska-Susitna, AK, USA","Alaska, USA","United States","62.318296467795, -150.10939813811","Land (beach, shoreline and inland)",2018-10-11,"CACS Coast Walk",4,40,44,43,0.5,0,176,58,1,0,17,15,9,7,10,18,7,46,9,28,2,7,6,0,0,2,0,20,0,2,15,1,11,9,0,0,0,0,0,24,19,0,0,0,0,2,0,1,0,3,401,106,1032
61645,,"Alaska, USA","United States","59.716006247475, -151.02801520592","Land (beach, shoreline and inland)",2018-09-22,"CACS Coast Walk",2,0,2,2,1,0,0,0,0,0,1,2,0,0,0,1,1,9,0,0,0,0,0,0,0,0,0,5,0,0,4,3,0,0,0,0,0,0,0,4,0,0,0,0,0,0,0,0,0,5,0,0,35
61646,"Kenai Peninsula Borough, AK, USA","Alaska, USA","United States","59.764673821998, -151.86589542826","Land (beach, shoreline and inland)",2018-04-28,"CACS Coast Walk",5,0,5,89.94,0.5,0,179,62,6,1,21,4,5,3,1,50,13,53,6,5,0,9,4,7,1,2,10,2,0,0,39,0,0,22,0,3,0,23,1,8,0,2,1,0,4,0,5,2,0,80,27,68,729
61649,"Nome, AK, USA","Alaska, USA","United States","65.333538432199, -166.48772532398","Land (beach, shoreline and inland)",2018-10-30,"CACS Coast Walk",2,14,16,35,1,3,118,66,2,1,8,0,4,13,0,29,0,88,13,2,38,0,1,0,0,0,0,0,0,0,0,0,0,27,0,0,0,0,0,7,0,0,0,0,0,0,0,0,0,1,7,8,433
61650,"Kenai Peninsula Borough, AK, USA","Alaska, USA",,"59.637062400922, -151.54129291954","Land (beach, shoreline and inland)",2018-11-08,"CACS Coast Walk",15,0,15,15,1,4,56,37,0,0,22,3,10,6,2,1,2,7,7,0,2,6,0,0,0,1,4,1,0,0,9,2,1,1,0,0,0,45,2,4,0,72,0,0,2,1,1,1,0,95,27,156,586
61653,"Kenai Peninsula Borough, AK, USA","Alaska, USA","United States","59.645848771014, -151.52392400967","Land (beach, shoreline and inland)",2018-08-13,"CACS Coast Walk",8,0,8,40,1,0,382,27,6,0,4,7,9,3,2,3,7,12,8,6,4,4,3,2,0,0,0,0,0,0,15,0,7,11,0,0,0,0,0,3,0,0,0,0,0,0,0,1,0,44,0,81,651
61657,"Kenai Peninsula Borough, AK, USA","Alaska, USA",,"59.637110574387, -151.54082938687","Land (beach, shoreline and inland)",2018-09-28,"CACS Coast Walk",5,25,30,105,1,10,36,58,11,2,10,1,6,6,2,3,3,24,2,2,1,2,0,0,1,0,5,10,0,0,27,7,2,3,0,0,0,11,1,10,0,0,0,0,0,4,0,0,0,20,28,44,342
61658,"Kenai Peninsula Borough, AK, USA","Alaska, USA","United States","59.609260944506, -151.43724766957","Land (beach, shoreline and inland)",2018-09-26,"CACS Coast Walk",6,36,42,105,0.5,9,515,94,17,5,40,43,21,5,4,32,14,39,44,22,36,32,5,5,3,9,32,10,0,3,21,5,16,1,0,0,8,2,4,37,1,6,1,0,0,4,6,2,0,30,30,144,1348
73665,"Kenai Peninsula Borough, AK, USA","Alaska, USA","United States","60.10132, -149.43861","Land (beach, shoreline and inland)",2019-05-24,,1,0,1,0.26,0,0,1,0,0,0,0,0,0,0,0,0,0,0,0,0,0,0,0,0,0,0,0,0,0,0,0,0,0,0,0,0,0,0,0,0,0,0,0,2,0,0,0,0,0,0,0,1,4
73798,"Kenai Peninsula Borough, AK, USA","Alaska, USA","United States","60.10633, -149.44012","Land (beach, shoreline and inland)",2019-05-27,,1,0,1,1.26,0.007,0,0,0,3,0,0,0,0,0,0,0,0,0,0,0,0,0,0,0,0,0,0,0,0,0,0,0,0,0,1,0,0,0,0,0,0,0,2,0,0,0,0,0,0,0,0,0,6
75207,"Anchorage, AK, USA","Alaska, USA","United States","61.223472712572, -149.88659556193","Land (beach, shoreline and inland)",2019-06-29,"WMBD-Ship Creek",7,0,7,12,0.5,1,604,60,0,0,10,2,1,8,0,1,0,8,2,7,20,1,0,0,24,0,164,0,0,0,1,0,0,0,0,0,0,0,1,0,0,0,0,0,0,0,0,0,0,4,0,0,918
78226,"Kenai Peninsula Borough, AK, USA","Alaska, USA","United States","59.383242408499, -154.00801945824","Land (beach, shoreline and inland)",2019-08-31,"cacs coastwalk",13,0,13,92,0.25,14,0,0,2,0,313,0,5,2,0,263,1,9,0,1,0,0,0,0,21,35,0,2,0,0,69,0,0,0,0,0,0,0,5,0,0,0,0,0,0,0,0,2,0,331,0,406,1467
78551,"Kenai Peninsula Borough, AK, USA","Alaska, USA","United States","59.717844734218, -151.25305033804","Land (beach, shoreline and inland)",2019-09-07,"CACS Coast Walk",2,0,2,20,5.5,1,0,1,0,0,0,0,0,0,0,0,0,16,0,1,0,0,2,0,1,0,0,1,0,0,2,0,1,0,0,0,0,0,0,2,0,0,0,0,0,0,0,0,0,0,0,1,28
78552,"Kenai Peninsula Borough, AK, USA","Alaska, USA","United States","59.744283376831, -151.18708086642","Land (beach, shoreline and inland)",2019-09-07,"CACS Coast Walk",2,0,2,12,2,1,0,0,0,0,0,0,0,0,0,1,1,6,0,1,0,0,0,0,0,0,1,3,0,0,0,0,0,0,0,0,0,0,0,5,0,1,0,0,0,0,0,0,0,0,0,2,21
78553,"Kenai Peninsula Borough, AK, USA","Alaska, USA","United States","59.603131850765, -151.20273754723","Land (beach, shoreline and inland)",2019-09-08,"CACS Coast Walk",1,0,1,43,5,2,0,0,0,0,0,0,1,0,0,1,1,1,0,0,0,0,0,0,1,3,2,0,0,0,0,1,0,0,0,0,0,0,0,30,0,0,0,0,0,0,0,0,0,2,0,6,49
78554,"Kenai Peninsula Borough, AK, USA","Alaska, USA","United States","59.579791380961, -151.26956653094","Land (beach, shoreline and inland)",2019-08-26,"CACS Coast Walk",3,16,19,29.69,2,4,5,4,0,0,3,1,1,1,0,4,0,1,0,0,0,2,0,0,0,2,0,4,0,0,35,0,0,0,0,0,0,0,0,20,0,0,0,0,0,0,0,0,0,59,0,10,152
78560,"Kenai Peninsula Borough, AK, USA","Alaska, USA","United States","59.631889283078, -151.19416380079","Land (beach, shoreline and inland)",2019-09-14,"CACS Coast Walk",7,0,7,36.12,4,2,1,7,0,4,3,0,4,0,0,5,0,7,0,1,1,0,0,0,6,4,1,16,0,0,0,1,0,0,0,0,0,0,0,80,0,0,0,0,0,0,0,0,0,58,2,28,229
78608,"Kenai Peninsula Borough, AK, USA","Alaska, USA","United States","59.480783346738, -151.57966739762","Land (beach, shoreline and inland)",2019-09-14,"CACS Coast Walk",4,0,4,40.75,1.5,5,1,9,0,0,5,1,1,0,0,1,2,6,1,11,0,1,2,1,10,0,2,20,0,0,3,2,1,2,0,0,0,0,0,13,0,0,0,0,0,0,0,0,0,263,30,14,402
78611,"Kenai Peninsula Borough, AK, USA","Alaska, USA","United States","59.451748273691, -151.51357098206","Land (beach, shoreline and inland)",2019-09-14,"CACS Coast Walk",4,0,4,183,2,6,119,38,0,0,10,3,0,0,9,10,7,10,5,37,0,0,0,0,3,0,10,1,0,0,2,1,0,2,0,0,0,0,0,32,0,0,0,0,0,2,0,0,0,306,10,14,631
81599,"Anchorage, AK, USA","Alaska, USA","United States","61.21628, -149.911","Land (beach, shoreline and inland)",2019-09-21,"Sierra Club Alaska ",1,0,1,3.55,0.0171,0,14,7,2,0,4,0,3,2,3,11,2,12,5,0,0,0,2,0,0,0,0,0,0,0,0,0,0,0,0,0,0,0,0,0,0,0,0,8,0,0,0,0,0,0,0,7,82
81611,"Anchorage, AK, USA","Alaska, USA","United States","61.21645, -149.91065","Land (beach, shoreline and inland)",2019-09-21,"Sierra Club Alaska ",1,0,1,1.06,0.1573,0,2,0,0,1,1,0,1,1,3,0,1,1,0,0,0,0,0,0,0,0,0,0,0,0,0,0,0,0,0,0,3,0,0,0,0,0,0,3,0,0,0,0,0,0,0,2,19
81693,"Anchorage, AK, USA","Alaska, USA","United States","61.20838, -149.92113","Land (beach, shoreline and inland)",2019-09-21,"Sierra club Alaska ",3,0,3,13.69,1.1434,0,87,22,3,0,12,0,2,9,6,29,8,46,8,0,0,0,0,0,0,0,0,0,0,0,0,0,0,0,3,0,0,0,0,0,0,0,0,36,0,0,0,0,2,0,0,53,326
82160,"Kenai Peninsula Borough, AK, USA","Alaska, USA","United States","60.390563197978, -151.29450820866","Land (beach, shoreline and inland)",2019-09-21,"Stream Watch",7,2,9,243.32,1.25,7,557,174,0,0,70,24,12,22,18,23,2,59,8,9,5,12,3,1,1,1,16,27,0,0,96,0,30,8,0,0,3,2,2,17,0,1,5,0,3,3,0,0,0,26,32,209,1481
93863,"Kenai Peninsula Borough, AK, USA","Alaska, USA","United States","59.473917845864, -151.59123348077","Land (beach, shoreline and inland)",2019-09-21,"CACS Coast Walk",2,0,2,146,2,7,12,50,0,3,16,2,20,5,0,21,0,22,6,38,0,14,3,1,0,0,0,19,0,0,43,0,2,7,0,0,0,1,1,8,0,0,0,0,0,0,0,0,0,54,9,31,388
93874,"Kenai Peninsula Borough, AK, USA","Alaska, USA","United States","59.604630546062, -151.41841481186","Land (beach, shoreline and inland)",2019-09-21,"CACS Coast Walk",9,0,9,33.25,1,5,286,130,0,3,11,12,3,7,1,7,1,22,2,5,4,8,1,0,45,0,87,34,0,0,19,0,3,1,0,0,0,0,0,12,0,0,1,0,0,0,0,1,0,41,1,65,813
93877,"Kenai Peninsula Borough, AK, USA","Alaska, USA","United States","59.635029916392, -151.51292977336","Land (beach, shoreline and inland)",2019-09-26,"CACS Coast Walk",2,0,2,2,4.2,0,5,0,0,0,0,0,0,0,0,0,0,2,0,1,0,0,0,0,0,0,0,1,0,0,0,0,0,0,0,1,0,0,0,0,0,0,0,0,0,1,0,0,0,0,0,0,11
93879,"Kenai Peninsula Borough, AK, USA","Alaska, USA","United States","59.466434915731, -151.56224995593","Land (beach, shoreline and inland)",2019-09-21,"CACS Coast Walk",6,0,6,20,1,0,45,20,0,0,2,3,0,0,4,1,1,6,0,1,0,0,0,0,0,0,0,2,0,0,6,0,1,3,0,0,1,0,1,438,0,0,0,0,0,0,0,0,0,19,1,4,559
93883,"Kenai Peninsula Borough, AK, USA","Alaska, USA","United States","59.660581921051, -151.66165160888","Land (beach, shoreline and inland)",2019-09-21,"CACS Coast Walk",4,0,4,73.41,2,4,100,101,4,0,6,14,6,3,0,3,1,11,9,14,0,3,0,0,0,1,0,2,0,0,0,10,0,0,0,0,0,0,0,15,0,0,1,0,0,1,0,0,0,127,0,99,531
93886,"Kenai Peninsula Borough, AK, USA","Alaska, USA","United States","59.615051146078, -151.45137842259","Land (beach, shoreline and inland)",2019-09-21,"CACS Coast Walk",6,0,6,37.69,2,2,139,262,4,0,13,3,18,8,3,14,0,18,9,22,0,5,2,2,1,0,0,5,0,0,0,1,1,2,0,0,0,0,2,10,0,0,1,0,0,0,0,0,0,69,0,39,653
93890,"Kenai Peninsula Borough, AK, USA","Alaska, USA","United States","59.578083343078, -151.29945530923","Land (beach, shoreline and inland)",2019-08-15,"CACS Coast Walk",2,0,2,0.25,1,1,0,0,0,0,0,0,0,0,0,0,0,0,0,0,1,0,0,0,0,0,0,0,0,0,0,0,0,0,0,0,0,0,0,0,0,0,0,0,0,0,0,0,0,5,0,5,11
93956,"Kenai Peninsula Borough, AK, USA","Alaska, USA","United States","59.640434304862, -151.55489017165","Land (beach, shoreline and inland)",2019-09-30,"CACS Coast Walk",2,0,2,1,2.15,1,3,2,1,0,0,0,0,0,0,0,0,1,0,0,0,0,0,0,1,0,0,1,0,0,0,0,0,0,0,0,0,0,0,3,0,3,0,0,0,0,0,0,0,1,0,0,16
93967,"Kenai Peninsula Borough, AK, USA","Alaska, USA","United States","59.615549198909, -151.44239245221","Land (beach, shoreline and inland)",2019-04-20,"CACS Coast Walk",34,0,34,198,2,15,23,8,1,1,8,4,5,1,1,19,15,29,2,4,1,3,5,1,2,2,0,12,0,0,18,4,3,0,0,0,1,0,0,20,1,0,0,0,0,0,0,0,0,31,40,45,310
93979,"Kenai Peninsula Borough, AK, USA","Alaska, USA","United States","59.649502323495, -151.6208535794","Land (beach, shoreline and inland)",2019-09-29,"CACS CoastWalk",2,0,2,10,2.15,2,0,2,0,0,2,0,0,0,0,7,1,0,0,0,0,0,0,0,0,1,4,3,0,0,3,4,0,0,0,0,0,0,0,4,0,0,0,0,0,0,0,0,0,2,0,2,35
94445,"Kenai Peninsula Borough, AK, USA","Alaska, USA","United States","59.607250966653, -151.42520179541","Land (beach, shoreline and inland)",2019-09-21,"CACS Coast Walk",1,0,1,14.63,2,1,98,45,1,1,5,1,1,1,0,5,5,11,3,13,0,2,0,0,0,0,2,3,0,0,0,4,3,0,0,0,0,0,2,2,0,0,0,0,0,0,0,0,0,217,5,61,491
94759,"Kenai Peninsula Borough, AK, USA","Alaska, USA","United States","59.640654836989, -151.57156573269","Land (beach, shoreline and inland)",2019-10-09,"CACS Coast Walk",4,16,20,146.27,1,3,4,2,1,1,1,1,1,0,1,2,0,10,1,2,0,1,0,0,1,0,3,22,0,0,3,0,2,1,0,0,0,0,0,26,0,0,0,0,0,0,0,0,0,318,52,12,468
94760,"Kenai Peninsula Borough, AK, USA","Alaska, USA","United States","59.639490025726, -151.55397066271","Land (beach, shoreline and inland)",2019-10-09,"CACS Coast Walk",4,16,20,82.68,1,2,4,21,1,0,6,4,8,1,0,17,24,10,2,17,0,5,5,2,2,0,0,2,0,0,6,1,0,2,0,0,0,12,0,28,0,0,0,0,0,0,0,1,0,238,10,30,459
94761,"Kenai Peninsula Borough, AK, USA","Alaska, USA","United States","59.639427207946, -151.55145979077","Land (beach, shoreline and inland)",2019-10-09,"CACS Coast Walk",4,21,25,36.5,1,2,98,41,2,4,3,8,3,6,2,12,10,19,3,13,4,4,5,0,1,4,0,3,0,0,0,0,0,0,0,4,4,0,0,794,0,0,0,0,0,0,0,0,0,6,316,34,1403
94762,"Kenai Peninsula Borough, AK, USA","Alaska, USA","United States","59.640011799651, -151.56212235408","Land (beach, shoreline and inland)",2019-10-09,"CACS Coast Walk",4,14,18,7.6,1,1,20,17,0,1,10,1,3,0,0,5,0,1,2,1,0,1,2,0,1,0,0,0,0,0,8,0,1,1,0,0,0,0,0,3,0,0,0,0,0,1,0,0,0,20,13,24,136
94764,"Kenai Peninsula Borough, AK, USA","Alaska, USA","United States","59.63511707196, -151.16994092072","Land (beach, shoreline and inland)",2019-09-28,"CACS Coast Walk",9,0,9,200.6,4,5,0,4,2,0,3,1,0,0,0,2,1,6,1,2,0,1,0,0,1,0,18,53,0,0,9,0,0,0,0,0,0,0,0,50,0,0,1,0,0,0,0,0,0,68,0,65,288
100855,"Kenai Peninsula Borough, AK, USA","Alaska, USA","United States","59.639961151333, -151.5479792147","Land (beach, shoreline and inland)",2019-12-09,"CACS CoastWalk",1,0,1,2.4,0.5,1,2,8,1,0,3,0,2,0,0,3,0,5,2,3,0,0,2,0,0,0,0,3,0,0,3,0,0,2,0,0,0,0,1,4,0,0,0,0,0,0,0,0,0,1,1,3,49
100856,"Kenai Peninsula Borough, AK, USA","Alaska, USA","United States","59.62507045818, -151.46993125954","Land (beach, shoreline and inland)",2019-11-21,"CACS CoastWalk",2,0,2,6.7,0.5,2,73,25,15,0,7,3,3,0,0,9,0,4,1,16,1,2,0,3,2,0,25,1,0,0,7,0,1,7,0,0,0,0,0,10,0,0,0,0,0,0,0,0,0,36,1,53,305
100857,"Kenai Peninsula Borough, AK, USA","Alaska, USA","United States","59.60084105222, -151.40924071654","Land (beach, shoreline and inland)",2019-12-10,"CACS CoastWalk",8,0,8,4.8,0.5,2,6,27,0,0,8,2,1,0,0,4,0,7,4,11,0,1,0,2,0,0,0,3,0,0,5,1,1,2,0,0,0,2,0,0,0,0,1,0,0,0,0,0,0,120,1,13,222
100858,"Kenai Peninsula Borough, AK, USA","Alaska, USA","United States","59.633554516535, -151.49801924823","Land (beach, shoreline and inland)",2019-09-21,"CACS CoastWalk",1,0,1,15,2,1,0,2,0,0,5,2,0,0,0,4,1,1,2,0,0,0,0,0,0,0,0,1,0,0,0,0,0,0,0,0,0,0,0,0,0,0,0,0,0,0,0,0,0,3,0,0,21
100859,"Kenai Peninsula Borough, AK, USA","Alaska, USA","United States","59.657637575159, -151.67082740246","Land (beach, shoreline and inland)",2019-10-05,"CACS CoastWalk",1,0,1,6,1,1,0,5,0,0,7,0,1,0,1,5,0,5,0,0,0,0,1,0,2,1,0,6,0,0,0,7,3,0,0,0,1,2,0,0,0,0,0,0,0,0,0,0,0,19,0,37,103
100860,"Kenai Peninsula Borough, AK, USA","Alaska, USA","United States","59.558058658339, -151.25928224698","Land (beach, shoreline and inland)",2019-08-31,"CACS CoastWalk",10,2,12,100,20,10,50,50,10,10,100,0,100,10,10,150,10,20,40,10,0,0,10,5,5,5,10,2,0,2,10,40,20,10,0,0,0,0,2,0,0,0,0,0,0,1,0,2,0,200,5,200,1099
100861,"Kenai Peninsula Borough, AK, USA","Alaska, USA","United States","59.639368722881, -151.46939577237","Land (beach, shoreline and inland)",2019-10-19,"CACS CoastWalk",1,0,1,12,2.9,1,0,0,0,0,0,0,0,0,0,0,0,1,0,0,0,0,0,0,0,0,0,0,0,0,4,2,0,0,0,0,0,0,0,0,0,0,0,0,0,0,0,0,0,2,1,4,14
101148,"Kenai Peninsula Borough, AK, USA","Alaska, USA","United States","59.632743813345, -151.49597321123","Land (beach, shoreline and inland)",2019-09-26,"CACS CoastWalk",2,18,20,178.3,1,5,194,6,3,3,11,6,3,0,2,15,0,5,4,12,6,12,1,0,0,3,1,11,0,2,23,2,0,0,0,0,2,0,0,132,0,0,0,0,1,7,0,0,0,13,96,69,645
101149,"Kenai Peninsula Borough, AK, USA","Alaska, USA","United States","59.638293510182, -151.54213860587","Land (beach, shoreline and inland)",2019-09-26,"CACS CoastWalk",4,16,20,178.3,1,4,95,20,0,0,8,10,7,2,1,7,7,1,9,8,10,3,1,1,2,0,6,0,0,1,9,0,4,1,0,0,2,0,0,11,0,0,0,0,0,1,0,0,0,8,13,43,291
101150,"Kenai Peninsula Borough, AK, USA","Alaska, USA","United States","59.600470703703, -151.41184827475","Land (beach, shoreline and inland)",2019-09-26,"CACS CoastWalk",4,14,18,178.3,1,4,131,26,9,1,9,4,3,4,3,3,3,15,2,10,16,7,0,0,0,6,5,2,0,0,1,0,0,0,0,0,3,3,0,30,0,0,0,0,1,0,1,0,0,12,24,49,383
101154,"Kenai Peninsula Borough, AK, USA","Alaska, USA","United States","59.632534930886, -151.49733564047","Land (beach, shoreline and inland)",2019-10-21,"CACS CoastWalk",3,0,3,20,1,3,99,44,6,0,8,21,1,6,1,3,8,6,2,5,0,0,1,0,0,0,35,4,0,0,20,0,0,4,0,0,0,4,0,90,0,0,1,0,0,1,0,0,0,18,1,67,456
101529,"Juneau, AK, USA","Alaska, USA","United States","58.29554, -134.43123","Land (beach, shoreline and inland)",2019-12-14,"Beach Clean Up 1",2,0,2,5.04,2.5523,0,3,17,3,1,6,0,1,0,2,3,2,7,0,0,0,0,2,0,0,0,0,0,0,0,0,0,0,0,7,0,2,0,0,0,0,0,1,11,0,0,0,0,9,0,0,3,80
101744,"Juneau, AK, USA","Alaska, USA","United States","58.30438, -134.42599","Land (beach, shoreline and inland)",2019-12-17,"Leif Beach Cleanup 1",2,0,2,4.59,0,0,3,21,6,1,4,0,0,0,3,2,1,5,2,0,0,0,0,0,0,0,0,0,0,0,0,0,0,0,10,0,2,0,0,0,0,0,1,8,0,0,0,0,9,0,0,3,81
101745,"Juneau, AK, USA","Alaska, USA","United States","58.30438, -134.42599","Land (beach, shoreline and inland)",2019-12-17,"Leif Beach Cleanup 1",2,0,2,4.83,0,0,3,21,6,1,4,0,0,0,3,2,1,5,2,0,0,0,0,0,0,0,0,0,0,0,0,0,0,0,10,0,2,0,0,0,0,0,1,10,0,0,0,0,9,0,0,3,83
102664,"Juneau, AK, USA","Alaska, USA","United States","58.30438, -134.42599","Land (beach, shoreline and inland)",2019-12-17,"Leif Beach Cleanup 1",2,0,2,4.83,0,0,3,21,6,1,4,0,0,0,3,2,1,5,2,0,0,0,0,0,0,0,0,0,0,0,0,0,0,0,10,0,2,0,0,0,0,0,1,10,0,0,0,0,9,0,0,3,83
102665,"Juneau, AK, USA","Alaska, USA","United States","58.30438, -134.42599","Land (beach, shoreline and inland)",2019-12-17,"Leif Beach Cleanup 1",2,0,2,4.59,0,0,3,21,6,1,4,0,0,0,3,2,1,5,2,0,0,0,0,0,0,0,0,0,0,0,0,0,0,0,10,0,2,0,0,0,0,0,1,8,0,0,0,0,9,0,0,3,81
102666,"Juneau, AK, USA","Alaska, USA","United States","58.30438, -134.42599","Land (beach, shoreline and inland)",2019-12-17,"Leif Beach Cleanup 1",2,0,2,4.59,0,0,3,21,6,1,4,0,0,0,3,2,1,5,2,0,0,0,0,0,0,0,0,0,0,0,0,0,0,0,10,0,2,0,0,0,0,0,1,8,0,0,0,0,9,0,0,3,81
102667,"Juneau, AK, USA","Alaska, USA","United States","58.30438, -134.42599","Land (beach, shoreline and inland)",2019-12-17,"Leif Beach Cleanup 1",2,0,2,4.83,0,0,3,21,6,1,4,0,0,0,3,2,1,5,2,0,0,0,0,0,0,0,0,0,0,0,0,0,0,0,10,0,2,0,0,0,0,0,1,10,0,0,0,0,9,0,0,3,83
102668,"Juneau, AK, USA","Alaska, USA","United States","58.30438, -134.42599","Land (beach, shoreline and inland)",2019-12-17,"Leif Beach Cleanup 1",2,0,2,4.59,0,0,3,21,6,1,4,0,0,0,3,2,1,5,2,0,0,0,0,0,0,0,0,0,0,0,0,0,0,0,10,0,2,0,0,0,0,0,1,8,0,0,0,0,9,0,0,3,81
102669,"Juneau, AK, USA","Alaska, USA","United States","58.30438, -134.42599","Land (beach, shoreline and inland)",2019-12-17,"Leif Beach Cleanup 1",2,0,2,4.59,0,0,3,21,6,1,4,0,0,0,3,2,1,5,2,0,0,0,0,0,0,0,0,0,0,0,0,0,0,0,10,0,2,0,0,0,0,0,1,8,0,0,0,0,9,0,0,3,81
102670,"Juneau, AK, USA","Alaska, USA","United States","58.30438, -134.42599","Land (beach, shoreline and inland)",2019-12-17,"Leif Beach Cleanup 1",2,0,2,4.83,0,0,3,21,6,1,4,0,0,0,3,2,1,5,2,0,0,0,0,0,0,0,0,0,0,0,0,0,0,0,10,0,2,0,0,0,0,0,1,10,0,0,0,0,9,0,0,3,83
102673,"Juneau, AK, USA","Alaska, USA","United States","58.30438, -134.42599","Land (beach, shoreline and inland)",2019-12-17,"Leif Beach Cleanup 1",2,0,2,4.83,0,0,3,21,6,1,4,0,0,0,3,2,1,5,2,0,0,0,0,0,0,0,0,0,0,0,0,0,0,0,10,0,2,0,0,0,0,0,1,10,0,0,0,0,9,0,0,3,83
102674,"Juneau, AK, USA","Alaska, USA","United States","58.30438, -134.42599","Land (beach, shoreline and inland)",2019-12-17,"Leif Beach Cleanup 1",2,0,2,4.59,0,0,3,21,6,1,4,0,0,0,3,2,1,5,2,0,0,0,0,0,0,0,0,0,0,0,0,0,0,0,10,0,2,0,0,0,0,0,1,8,0,0,0,0,9,0,0,3,81
102675,"Juneau, AK, USA","Alaska, USA","United States","58.30438, -134.42599","Land (beach, shoreline and inland)",2019-12-17,"Leif Beach Cleanup 1",2,0,2,4.59,0,0,3,21,6,1,4,0,0,0,3,2,1,5,2,0,0,0,0,0,0,0,0,0,0,0,0,0,0,0,10,0,2,0,0,0,0,0,1,8,0,0,0,0,9,0,0,3,81
102676,"Juneau, AK, USA","Alaska, USA","United States","58.30438, -134.42599","Land (beach, shoreline and inland)",2019-12-17,"Leif Beach Cleanup 1",2,0,2,4.83,0,0,3,21,6,1,4,0,0,0,3,2,1,5,2,0,0,0,0,0,0,0,0,0,0,0,0,0,0,0,10,0,2,0,0,0,0,0,1,10,0,0,0,0,9,0,0,3,83
102677,"Juneau, AK, USA","Alaska, USA","United States","58.30438, -134.42599","Land (beach, shoreline and inland)",2019-12-17,"Leif Beach Cleanup 1",2,0,2,4.59,0,0,3,21,6,1,4,0,0,0,3,2,1,5,2,0,0,0,0,0,0,0,0,0,0,0,0,0,0,0,10,0,2,0,0,0,0,0,1,8,0,0,0,0,9,0,0,3,81
102678,"Juneau, AK, USA","Alaska, USA","United States","58.30438, -134.42599","Land (beach, shoreline and inland)",2019-12-17,"Leif Beach Cleanup 1",2,0,2,4.59,0,0,3,21,6,1,4,0,0,0,3,2,1,5,2,0,0,0,0,0,0,0,0,0,0,0,0,0,0,0,10,0,2,0,0,0,0,0,1,8,0,0,0,0,9,0,0,3,81
102679,"Juneau, AK, USA","Alaska, USA","United States","58.30438, -134.42599","Land (beach, shoreline and inland)",2019-12-17,"Leif Beach Cleanup 1",2,0,2,4.83,0,0,3,21,6,1,4,0,0,0,3,2,1,5,2,0,0,0,0,0,0,0,0,0,0,0,0,0,0,0,10,0,2,0,0,0,0,0,1,10,0,0,0,0,9,0,0,3,83
102680,"Juneau, AK, USA","Alaska, USA","United States","58.30438, -134.42599","Land (beach, shoreline and inland)",2019-12-17,"Leif Beach Cleanup 1",2,0,2,4.59,0,0,3,21,6,1,4,0,0,0,3,2,1,5,2,0,0,0,0,0,0,0,0,0,0,0,0,0,0,0,10,0,2,0,0,0,0,0,1,8,0,0,0,0,9,0,0,3,81
102681,"Juneau, AK, USA","Alaska, USA","United States","58.30438, -134.42599","Land (beach, shoreline and inland)",2019-12-17,"Leif Beach Cleanup 1",2,0,2,4.83,0,0,3,21,6,1,4,0,0,0,3,2,1,5,2,0,0,0,0,0,0,0,0,0,0,0,0,0,0,0,10,0,2,0,0,0,0,0,1,10,0,0,0,0,9,0,0,3,83
102709,"Juneau, AK, USA","Alaska, USA","United States","58.30438, -134.42599","Land (beach, shoreline and inland)",2019-12-17,"Leif Beach Cleanup 1",2,0,2,4.83,0,0,3,21,6,1,4,0,0,0,3,2,1,5,2,0,0,0,0,0,0,0,0,0,0,0,0,0,0,0,10,0,2,0,0,0,0,0,1,10,0,0,0,0,9,0,0,3,83
102710,"Juneau, AK, USA","Alaska, USA","United States","58.30438, -134.42599","Land (beach, shoreline and inland)",2019-12-17,"Leif Beach Cleanup 1",2,0,2,4.59,0,0,3,21,6,1,4,0,0,0,3,2,1,5,2,0,0,0,0,0,0,0,0,0,0,0,0,0,0,0,10,0,2,0,0,0,0,0,1,8,0,0,0,0,9,0,0,3,81
102711,"Juneau, AK, USA","Alaska, USA","United States","58.30438, -134.42599","Land (beach, shoreline and inland)",2019-12-17,"Leif Beach Cleanup 1",2,0,2,4.59,0,0,3,21,6,1,4,0,0,0,3,2,1,5,2,0,0,0,0,0,0,0,0,0,0,0,0,0,0,0,10,0,2,0,0,0,0,0,1,8,0,0,0,0,9,0,0,3,81
102712,"Juneau, AK, USA","Alaska, USA","United States","58.30438, -134.42599","Land (beach, shoreline and inland)",2019-12-17,"Leif Beach Cleanup 1",2,0,2,4.59,0,0,3,21,6,1,4,0,0,0,3,2,1,5,2,0,0,0,0,0,0,0,0,0,0,0,0,0,0,0,10,0,2,0,0,0,0,0,1,8,0,0,0,0,9,0,0,3,81
102713,"Juneau, AK, USA","Alaska, USA","United States","58.30438, -134.42599","Land (beach, shoreline and inland)",2019-12-17,"Leif Beach Cleanup 1",2,0,2,4.83,0,0,3,21,6,1,4,0,0,0,3,2,1,5,2,0,0,0,0,0,0,0,0,0,0,0,0,0,0,0,10,0,2,0,0,0,0,0,1,10,0,0,0,0,9,0,0,3,83
102714,"Juneau, AK, USA","Alaska, USA","United States","58.30438, -134.42599","Land (beach, shoreline and inland)",2019-12-17,"Leif Beach Cleanup 1",2,0,2,4.83,0,0,3,21,6,1,4,0,0,0,3,2,1,5,2,0,0,0,0,0,0,0,0,0,0,0,0,0,0,0,10,0,2,0,0,0,0,0,1,10,0,0,0,0,9,0,0,3,83
102715,"Juneau, AK, USA","Alaska, USA","United States","58.30438, -134.42599","Land (beach, shoreline and inland)",2019-12-17,"Leif Beach Cleanup 1",2,0,2,4.59,0,0,3,21,6,1,4,0,0,0,3,2,1,5,2,0,0,0,0,0,0,0,0,0,0,0,0,0,0,0,10,0,2,0,0,0,0,0,1,8,0,0,0,0,9,0,0,3,81
102716,"Juneau, AK, USA","Alaska, USA","United States","58.30438, -134.42599","Land (beach, shoreline and inland)",2019-12-17,"Leif Beach Cleanup 1",2,0,2,4.83,0,0,3,21,6,1,4,0,0,0,3,2,1,5,2,0,0,0,0,0,0,0,0,0,0,0,0,0,0,0,10,0,2,0,0,0,0,0,1,10,0,0,0,0,9,0,0,3,83
102717,"Juneau, AK, USA","Alaska, USA","United States","58.30438, -134.42599","Land (beach, shoreline and inland)",2019-12-17,"Leif Beach Cleanup 1",2,0,2,4.83,0,0,3,21,6,1,4,0,0,0,3,2,1,5,2,0,0,0,0,0,0,0,0,0,0,0,0,0,0,0,10,0,2,0,0,0,0,0,1,10,0,0,0,0,9,0,0,3,83
102718,"Juneau, AK, USA","Alaska, USA","United States","58.30438, -134.42599","Land (beach, shoreline and inland)",2019-12-17,"Leif Beach Cleanup 1",2,0,2,4.59,0,0,3,21,6,1,4,0,0,0,3,2,1,5,2,0,0,0,0,0,0,0,0,0,0,0,0,0,0,0,10,0,2,0,0,0,0,0,1,8,0,0,0,0,9,0,0,3,81
Totals:,,,,,,,,,,,,,,10720,5724,504,203,1957,734,658,603,346,1802,671,2670,752,1090,522,508,418,195,309,274,2817,994,57,35,2015,222,385,281,366,54,142,262,93,7781,77,115,80,578,32,55,25,33,274,14588,3254,9016
