"Cleanup ID",Zone,State,Country,GPS,"Cleanup Type","Cleanup Date","Group Name",Adults,Children,People,Pounds,Miles,"# of bags","Cigarette Butts","Food Wrappers (candy, chips, etc.)","Take Out/Away Containers (Plastic)","Take Out/Away Containers (Foam)","Bottle Caps (Plastic)","Bottle Caps (Metal)","Lids (Plastic)","Straws, Stirrers","Forks, Knives, Spoons","Beverage Bottles (Plastic)","Beverage Bottles (Glass)","Beverage Cans","Grocery Bags (Plastic)","Other Plastic Bags","Paper Bags","Cups, Plates (Paper)","Cups, Plates (Plastic)","Cups, Plates (Foam)","Fishing Buoys, Pots & Traps","Fishing Net & Pieces","Fishing Line (1 yard/meter = 1 piece)","Rope (1 yard/meter = 1 piece)","Fishing Gear (Clean Swell)","6-Pack Holders","Other Plastic/Foam Packaging","Other Plastic Bottles (oil, bleach, etc.)","Strapping Bands","Tobacco Packaging/Wrap","Other Packaging (Clean Swell)","Appliances (refrigerators, washers, etc.)",Balloons,"Cigar Tips","Cigarette Lighters","Construction Materials",Fireworks,Tires,Toys,"Other Trash (Clean Swell)",Condoms,Diapers,Syringes,"Tampons/Tampon Applicators","Personal Hygiene (Clean Swell)","Foam Pieces","Glass Pieces","Plastic Pieces","Total Items Collected"
15297,"Harrison County, MS, USA","Mississippi, USA","United States","30.401306519204, -88.961791992188","Land (beach, shoreline and inland)",2016-10-22,"Mississippi Coastal Cleanup",1142,10,1152,28079,202,2286,27916,8590,2008,1998,6923,3263,4013,5395,1030,4313,5874,4379,4691,2001,2389,2926,1594,1813,181,291,976,403,0,80,2972,828,316,1489,0,16,411,1868,386,1729,2027,462,22,0,106,85,66,60,0,5104,5559,13017,129570
18468,"Jackson County, MS, USA","Mississippi, USA","United States","30.42116, -88.78902","Land (beach, shoreline and inland)",2017-05-05,"Ship Island MS 05/05/2017",10,0,10,7.86,0.0196,0,0,13,8,5,20,0,9,1,0,22,0,2,3,0,0,0,5,0,0,0,0,0,3,0,0,0,0,0,1,0,2,0,0,0,0,0,4,11,0,0,0,0,0,0,0,22,131
18654,"Jackson County, MS, USA","Mississippi, USA","United States","30.39675, -88.81312","Land (beach, shoreline and inland)",2017-05-14,"East Beach Ocean Springs Mississippi5/14/17",1,0,1,0.76,0.8129,0,4,4,2,1,1,0,0,0,0,5,0,1,3,0,0,0,1,0,0,0,0,0,0,0,0,0,0,0,0,0,0,0,0,0,0,0,0,0,0,0,0,0,1,0,0,5,28
18672,"Jackson County, MS, USA","Mississippi, USA","United States","30.39814, -88.81518","Land (beach, shoreline and inland)",2017-05-15,"East Beach Ocean Springs Mississippi5/15/17",1,0,1,1.48,0.0168,0,17,3,0,0,0,0,0,2,0,1,0,0,0,0,0,0,0,0,0,0,0,0,0,0,0,0,0,0,0,0,0,0,0,0,0,0,2,2,0,0,0,0,0,0,0,0,27
18777,"Jackson County, MS, USA","Mississippi, USA","United States","30.39829, -88.81541","Land (beach, shoreline and inland)",2017-05-21,"East Beach Ocean Springs Mississippi5/2117",1,0,1,4.33,0.9379,0,29,20,1,0,1,0,3,3,0,1,3,5,9,0,0,0,0,0,0,0,0,0,1,0,0,0,0,0,0,0,1,0,0,0,0,0,0,5,0,0,0,0,1,0,0,43,126
18778,"Jackson County, MS, USA","Mississippi, USA","United States","30.39831, -88.81517","Land (beach, shoreline and inland)",2017-05-21,"East Beach Ocean Springs Mississippi5/2117",1,0,1,0.45,0.0203,0,3,2,1,0,0,0,1,1,0,0,0,0,0,0,0,0,1,0,0,0,0,0,0,0,0,0,0,0,0,0,0,0,0,0,0,0,0,2,0,0,0,0,0,0,0,5,16
18905,"Jackson County, MS, USA","Mississippi, USA","United States","30.40273, -88.8171","Land (beach, shoreline and inland)",2017-05-27,"East Beach Ocean Springs Mississippi5/27/17",1,0,1,0.41,0.4037,0,0,3,0,0,3,0,0,0,0,4,0,1,0,0,0,0,0,0,0,0,0,0,0,0,0,0,0,0,0,0,0,0,0,0,0,0,0,0,0,0,0,0,2,0,0,0,13
18946,"Jackson County, MS, USA","Mississippi, USA","United States","30.3983, -88.81519","Land (beach, shoreline and inland)",2017-05-29,"East Beach Ocean Springs MS",1,0,1,0.7,0,0,7,4,0,1,0,0,0,1,0,5,0,0,4,0,0,0,1,0,0,0,0,0,0,0,0,0,0,0,0,0,0,0,0,0,0,0,0,1,0,0,0,0,0,0,0,3,27
19001,"Jackson County, MS, USA","Mississippi, USA","United States","30.34232, -88.52714","Land (beach, shoreline and inland)",2017-06-01,"Pascagoula Beach June 1,2017 Cleanup",1,0,1,0.73,0.9488,0,0,4,0,0,0,0,0,3,1,6,0,2,1,0,0,0,1,0,0,0,0,0,0,0,0,0,0,0,1,0,0,0,0,0,0,0,0,1,0,0,0,0,0,0,0,0,20
19031,"Jackson County, MS, USA","Mississippi, USA","United States","30.39233, -88.80003","Land (beach, shoreline and inland)",2017-06-02,"East Beach Ocean Springs MS",1,0,1,4.96,3.4147,0,38,15,1,0,12,0,0,7,2,5,1,3,11,0,0,0,5,0,0,0,0,0,0,0,0,0,0,0,7,0,2,0,0,0,0,0,0,14,0,0,0,0,1,0,0,71,195
19087,"Jackson County, MS, USA","Mississippi, USA","United States","30.34248, -88.52708","Land (beach, shoreline and inland)",2017-06-04,"Pascagoula Beach June 4, 2017 Cleanup",1,0,1,2.53,0.5844,0,10,10,1,0,5,0,0,2,1,0,1,2,1,0,0,0,1,0,0,0,0,0,1,0,0,0,0,0,1,0,1,0,0,0,0,0,0,6,0,0,0,0,1,0,0,9,53
19186,"Jackson County, MS, USA","Mississippi, USA","United States","30.3983, -88.81545","Land (beach, shoreline and inland)",2017-06-07,"East Beach Ocean Springs MS",1,0,1,1.87,2.2364,0,11,13,0,0,5,0,1,1,0,0,0,5,2,0,0,0,0,0,0,0,0,0,0,0,0,0,0,0,0,0,0,0,0,0,0,0,1,4,0,0,0,0,2,0,0,16,61
19220,"Jackson County, MS, USA","Mississippi, USA","United States","30.39826, -88.81519","Land (beach, shoreline and inland)",2017-06-08,"East Beach Ocean Springs MS",1,0,1,3.3,6.881,0,6,14,2,0,0,0,0,1,1,5,0,1,3,0,0,0,2,0,0,0,0,0,3,0,0,0,0,0,0,0,1,0,0,0,0,0,0,4,0,0,0,0,1,0,0,21,65
19441,"Jackson County, MS, USA","Mississippi, USA","United States","30.3983, -88.81545","Land (beach, shoreline and inland)",2017-06-14,"East Beach Ocean Springs MS",1,0,1,1.77,0.0036,0,8,12,0,0,4,0,0,2,0,6,0,4,3,0,0,0,5,0,0,0,0,0,0,0,0,0,0,0,1,0,0,0,0,0,0,0,1,1,0,0,0,0,0,0,0,8,55
19951,"Jackson County, MS, USA","Mississippi, USA","United States","30.4211, -88.7891","Land (beach, shoreline and inland)",2017-07-04,"East Beach Ocean Springs MS",1,0,1,0.62,0,0,0,5,0,0,0,0,0,2,0,4,0,5,1,0,0,0,3,0,0,0,0,0,0,0,0,0,0,0,0,0,0,0,0,0,0,0,0,0,0,0,0,0,0,0,0,5,25
19967,"Jackson County, MS, USA","Mississippi, USA","United States","30.42092, -88.78902","Land (beach, shoreline and inland)",2017-07-04,"East Beach Ocean Springs MS",1,0,1,0.64,0,0,2,4,0,0,3,0,0,1,0,5,0,4,1,0,0,0,2,0,0,0,0,0,0,0,0,0,0,0,0,0,1,0,0,0,0,0,0,0,0,0,0,0,0,0,0,6,29
20193,"Jackson County, MS, USA","Mississippi, USA","United States","30.42099, -88.78916","Land (beach, shoreline and inland)",2017-07-10,"East Beach Ocean Springs MS",1,0,1,3.97,0.0105,0,8,10,0,0,8,0,1,2,0,6,2,5,4,0,0,0,2,0,0,0,0,0,0,0,0,0,0,0,2,0,1,0,0,0,0,0,2,6,0,0,0,0,0,0,0,12,71
24785,"Winston County, MS, USA","Mississippi, USA","United States","32.919691591405, -88.947973251343","Land (beach, shoreline and inland)",2017-09-16,"Pearl Riverkeeper",23,0,23,325,2,0,1,0,0,0,0,0,0,0,0,0,0,0,0,0,0,0,0,0,0,0,0,0,0,0,0,0,0,0,0,0,0,0,0,0,0,0,0,0,0,0,0,0,0,0,0,0,1
24786,"Leake County, MS, USA","Mississippi, USA","United States","32.632689050039, -89.725620746613","Watercraft (powerboat, sailboat, kayak or canoe)",2017-09-16,"Pearl Riverkeeper",61,0,61,1250,2,0,0,0,0,0,0,0,0,0,0,50,0,0,0,0,0,0,0,0,0,0,0,0,0,0,0,50,0,0,0,0,0,0,0,0,0,0,0,0,0,0,0,0,0,0,0,0,100
24790,"Madison County, MS, USA","Mississippi, USA","United States","32.593829109676, -89.839153289795","Land (beach, shoreline and inland)",2017-09-16,"Pearl Riverkeeper",39,0,39,400,5,0,0,0,0,0,0,0,0,0,0,0,5,0,5,0,0,0,0,0,0,0,0,0,0,0,0,0,0,0,0,2,0,0,0,0,0,1,0,0,0,0,0,0,0,0,0,0,13
24792,"Madison County, MS, USA","Mississippi, USA","United States","32.584138610396, -89.846534729004","Watercraft (powerboat, sailboat, kayak or canoe)",2017-09-16,"Pearl Riverkeeper",10,0,10,300,5,0,0,0,0,0,0,0,0,0,0,5,0,0,0,5,0,0,0,0,0,0,0,0,0,0,0,0,0,0,0,0,0,0,0,0,0,0,0,0,0,0,0,0,0,0,0,0,10
24795,"Rankin County, MS, USA","Mississippi, USA","United States","32.387427144598, -89.974207878113","Watercraft (powerboat, sailboat, kayak or canoe)",2017-09-16,"Pearl Riverkeeper",52,0,52,600,5,0,0,0,0,0,0,0,0,0,0,5,0,0,0,0,0,0,0,0,0,0,0,0,0,0,0,0,0,0,0,0,0,0,0,0,0,0,0,0,0,0,0,0,0,0,0,0,5
24798,"Rankin County, MS, USA","Mississippi, USA","United States","32.386050026689, -89.990215301514","Watercraft (powerboat, sailboat, kayak or canoe)",2017-09-16,"Pearl Riverkeeper",10,0,10,300,5,0,0,0,0,0,0,0,0,0,0,15,0,15,0,0,0,0,0,0,0,0,0,0,0,0,0,0,0,0,0,0,0,0,0,0,0,0,0,0,0,0,0,0,0,0,0,0,30
24800,"Rankin County, MS, USA","Mississippi, USA","United States","32.382788347898, -90.017080307007","Watercraft (powerboat, sailboat, kayak or canoe)",2017-09-16,"Pearl Riverkeeper",50,0,50,250,2,0,0,0,0,0,0,0,0,0,0,50,0,15,0,0,0,0,0,12,0,0,0,0,0,0,0,20,0,0,0,0,0,0,0,0,0,2,0,0,0,0,0,0,0,0,0,0,99
24802,"Madison County, MS, USA","Mississippi, USA","United States","32.424782514018, -90.080745220184","Land (beach, shoreline and inland)",2017-09-16,"Pearl Riverkeeper",15,10,25,400,2,0,0,0,0,0,0,0,0,0,0,10,0,0,0,0,0,0,0,0,0,0,0,0,0,0,0,0,0,0,0,0,0,0,0,0,0,0,0,0,0,0,0,0,0,0,0,0,10
24805,"Rankin County, MS, USA","Mississippi, USA","United States","32.390724894249, -90.038623809814","Land (beach, shoreline and inland)",2017-10-04,"Pearl Riverkeeper",40,21,61,650,2,25,0,0,0,0,0,0,0,0,0,5,0,5,0,0,0,0,0,5,0,0,0,0,0,0,5,5,0,0,0,0,0,0,0,0,0,0,0,0,0,0,0,0,0,0,0,0,25
24812,"Rankin County, MS, USA","Mississippi, USA","United States","32.44604389086, -90.02197265625","Watercraft (powerboat, sailboat, kayak or canoe)",2017-09-16,"Pearl Riverkeeper",116,0,116,4500,5,0,0,0,0,0,0,0,0,0,0,30,0,0,0,0,0,0,0,0,0,0,0,0,0,0,0,0,0,0,0,0,0,0,0,0,0,5,0,0,0,0,0,0,0,0,0,0,35
24813,"Rankin County, MS, USA","Mississippi, USA","United States","32.44604389086, -90.02197265625","Watercraft (powerboat, sailboat, kayak or canoe)",2017-09-16,"Pearl Riverkeeper",29,0,29,620,2,0,0,0,0,0,0,0,0,0,0,10,0,50,0,0,0,0,0,0,0,0,0,0,0,0,0,10,0,0,0,0,0,0,0,0,0,4,0,0,0,0,0,0,0,0,0,0,74
24814,"Rankin County, MS, USA","Mississippi, USA","United States","32.44604389086, -90.02197265625","Land (beach, shoreline and inland)",2017-09-16,"Pearl Riverkeeper",11,0,11,950,2,0,0,0,0,0,0,0,0,0,0,50,0,0,0,0,0,0,10,0,0,0,0,0,0,0,0,20,0,0,0,0,0,0,0,0,0,2,0,0,0,0,0,0,0,0,0,0,82
24815,"Hinds County, MS, USA","Mississippi, USA","United States","32.321465009054, -90.153765678406","Land (beach, shoreline and inland)",2017-09-16,"Pearl Riverkeeper",23,0,23,1500,2,0,1,0,0,0,0,0,0,0,0,0,0,0,0,0,0,0,0,0,0,0,0,0,0,0,0,0,0,0,0,0,0,0,0,0,0,0,0,0,0,0,0,0,0,0,0,0,1
24816,"Rankin County, MS, USA","Mississippi, USA","United States","32.225290699085, -90.189685821533","Watercraft (powerboat, sailboat, kayak or canoe)",2017-09-16,"Pearl Riverkeeper",12,0,12,1000,2,0,0,0,0,0,0,0,0,0,0,100,0,100,0,0,0,0,0,0,0,0,0,0,0,0,0,0,0,0,0,0,0,0,0,0,0,1,0,0,0,0,0,0,0,0,0,0,201
24817,"Rankin County, MS, USA","Mississippi, USA","United States","32.099153882534, -90.247535705566","Land (beach, shoreline and inland)",2017-09-16,"Pearl Riverkeeper",7,0,7,500,2,0,0,0,0,0,0,0,0,0,0,20,0,20,0,0,0,0,0,0,0,0,0,0,0,0,0,0,0,0,0,0,0,0,0,0,0,0,0,0,0,0,0,0,0,0,0,0,40
24819,"Simpson County, MS, USA","Mississippi, USA","United States","31.886157740864, -89.993627071381","Land (beach, shoreline and inland)",2017-09-16,"Pearl Riverkeeper",46,0,46,300,2,0,0,0,0,0,0,0,0,0,0,1,0,0,0,0,0,0,0,0,0,0,0,0,0,0,0,0,0,0,0,0,0,0,0,0,0,0,0,0,0,0,0,0,0,0,0,0,1
24820,"Lawrence County, MS, USA","Mississippi, USA","United States","31.543138071444, -90.073127746582","Land (beach, shoreline and inland)",2017-09-16,"Pearl Riverkeeper",12,0,12,265,2,0,0,0,0,0,0,0,0,0,0,4,0,2,0,0,0,0,0,0,0,0,0,0,0,0,0,0,0,0,0,0,0,0,0,0,0,0,0,0,0,0,0,0,0,0,0,0,6
24822,"Marion County, MS, USA","Mississippi, USA","United States","31.328126121607, -89.941291809082","Watercraft (powerboat, sailboat, kayak or canoe)",2017-09-16,"Pearl Riverkeeper",14,0,14,1000,2,0,0,0,0,0,0,0,0,0,0,1,0,0,0,0,0,0,0,0,0,0,0,0,0,0,0,0,0,0,0,0,0,0,0,0,0,0,0,0,0,0,0,0,0,0,0,0,1
24825,"Lawrence County, MS, USA","Mississippi, USA","United States","31.555097151413, -90.105142593384","Land (beach, shoreline and inland)",2017-09-16,"Pearl Riverkeeper",20,8,28,250,2,0,0,0,0,0,0,0,0,0,0,1,0,0,0,0,0,0,0,0,0,0,0,0,0,0,0,0,0,0,0,0,0,0,0,0,0,0,0,0,0,0,0,0,0,0,0,0,1
24828,"Lincoln County, MS, USA","Mississippi, USA","United States","31.438256866314, -90.446062088013","Land (beach, shoreline and inland)",2017-09-16,"Pearl Riverkeeper",8,0,8,300,2,0,1,0,0,0,0,0,0,0,0,0,0,0,0,0,0,0,0,0,0,0,0,0,0,0,0,0,0,0,0,0,0,0,0,0,0,0,0,0,0,0,0,0,0,0,0,0,1
24829,"Itawamba County, MS, USA","Mississippi, USA","United States","34.431832544851, -88.405780792236","Land (beach, shoreline and inland)",2017-09-16,"Pearl Riverkeeper",5,0,5,50,1,0,0,0,0,0,0,0,0,0,0,1,0,0,0,0,0,0,0,0,0,0,0,0,0,0,0,0,0,0,0,0,0,0,0,0,0,0,0,0,0,0,0,0,0,0,0,0,1
24831,"Walthall County, MS, USA","Mississippi, USA","United States","31.041793479998, -90.191960334778","Watercraft (powerboat, sailboat, kayak or canoe)",2017-09-30,"Pearl Riverkeeper",9,0,9,200,1,0,0,0,0,0,0,0,0,0,0,3,0,0,0,0,0,0,0,0,0,0,0,0,0,0,0,0,0,0,0,0,0,0,0,0,0,0,0,0,0,0,0,0,0,0,0,0,3
24852,"Walthall County, MS, USA","Mississippi, USA","United States","31.111152225899, -90.128059387207","Watercraft (powerboat, sailboat, kayak or canoe)",2017-10-04,"Pearl Riverkeeper",9,0,9,200,1,0,0,0,0,0,0,0,0,0,0,5,0,10,0,0,0,0,0,0,0,0,0,0,0,0,0,0,0,0,0,0,0,0,0,0,0,0,0,0,0,0,0,0,0,0,0,0,15
24856,"Pearl River County, MS, USA","Mississippi, USA","United States","30.570833765508, -89.788513183594","Land (beach, shoreline and inland)",2017-09-16,"Pearl Riverkeeper",45,0,45,4500,5,0,0,0,0,0,0,0,0,0,0,100,0,100,0,0,0,0,0,0,0,0,0,0,0,0,0,0,0,0,0,5,0,0,0,0,0,0,0,0,0,0,0,0,0,0,0,0,205
24859,"Leake County, MS, USA","Mississippi, USA","United States","32.681574373314, -89.678649902344","Land (beach, shoreline and inland)",2017-09-16,"Pearl Riverkeeper",21,0,21,600,2,0,0,0,0,0,0,0,0,0,0,5,0,0,0,0,0,0,0,0,0,0,0,0,0,0,0,0,0,0,0,0,0,0,0,0,0,0,0,0,0,0,0,0,0,0,0,0,5
30545,"Harrison County, MS, USA","Mississippi, USA","United States","30.410781790846, -88.890380859375","Land (beach, shoreline and inland)",2017-11-18,"Mississippi Coastal Cleanup",556,10,566,26178,200,1336,48155,12384,2625,3369,1057,4095,5468,5212,1398,19412,5989,6526,5171,6790,3284,2945,3120,4285,460,1124,4405,2110,0,316,6399,3921,938,2773,0,312,620,3552,777,4318,2012,611,0,0,329,118,205,179,0,22662,13130,32688,245244
37094,"Harrison County, MS, USA","Mississippi, USA","United States","30.39897, -89.04684","Land (beach, shoreline and inland)",2018-04-28,"Keep Madisonville beautiful",3,0,3,0.14,0.0272,0,0,0,0,0,0,0,0,1,2,0,0,0,1,0,0,0,1,0,0,0,0,0,0,0,0,0,0,0,1,0,0,0,0,0,0,0,0,0,0,0,0,0,0,0,0,0,6
40329,"Harrison County, MS, USA","Mississippi, USA","United States","30.35474, -89.13037","Land (beach, shoreline and inland)",2018-07-24,"Pidgeon family",1,0,1,0.14,0.0033,0,0,0,0,0,0,0,0,0,0,0,0,0,1,0,0,0,0,0,0,0,0,0,0,0,0,0,0,0,0,0,0,0,0,0,0,0,0,1,0,0,0,0,0,0,0,0,2
58983,"Harrison County, MS, USA","Mississippi, USA","United States","30.40952, -88.97561","Land (beach, shoreline and inland)",2019-01-15,,1,0,1,0.99,0.0322,0,14,6,0,0,2,0,0,1,0,2,0,2,5,0,0,0,3,0,0,0,0,0,0,0,0,0,0,0,0,0,0,0,0,0,0,0,0,3,0,0,0,0,0,0,0,6,44
59336,"Harrison County, MS, USA","Mississippi, USA","United States","30.398530346213, -88.934843288543","Land (beach, shoreline and inland)",2018-10-20,"Mississippi Coastal Cleanup",2649,0,2649,20756,50,1059,57712,12218,3156,2880,8776,4072,3600,3861,1602,11273,4434,5752,3451,3340,2388,1597,1534,3814,393,486,920,861,0,526,3890,821,478,1955,0,196,545,3826,466,1951,1517,379,356,0,396,150,173,200,0,14460,5824,22857,199086
66437,"Jackson County, MS, USA","Mississippi, USA","United States","30.4068, -88.83198","Land (beach, shoreline and inland)",2019-03-01,,6,0,6,23.58,2.0841,0,20,4,0,0,1,0,0,1,0,1,39,0,0,0,0,0,1,0,0,0,0,0,1,0,0,0,0,0,0,0,0,0,0,0,0,0,4,7,0,0,0,0,0,0,0,0,79
66857,"Jackson County, MS, USA","Mississippi, USA","United States","30.40859, -88.82875","Land (beach, shoreline and inland)",2019-03-01,2,12,0,12,66.52,1.0272,0,81,31,0,0,0,0,2,2,0,8,98,6,0,0,0,0,0,0,0,0,0,0,1,0,0,0,0,0,7,0,1,0,0,0,0,0,4,87,0,0,0,0,0,0,0,98,426
77492,"Harrison County, MS, USA","Mississippi, USA","United States","30.38456, -89.09343","Land (beach, shoreline and inland)",2019-08-18,"Horn Island",2,0,2,6.5,1.301,0,7,3,4,2,7,0,2,8,2,6,3,2,4,0,0,0,6,0,0,0,0,0,4,0,0,0,0,0,2,0,2,0,0,0,0,0,2,3,0,0,0,0,1,0,0,12,82
106603,"Harrison County, MS, USA","Mississippi, USA","United States","30.442042698651, -88.93960367154","Land (beach, shoreline and inland)",2019-11-16,"Mississippi Coastal Cleanup",1566,0,1566,22481,35,1147,5439,15627,4360,3511,8328,3901,4281,4218,2994,14862,6636,8737,6636,4687,2703,2034,2388,3740,327,696,1354,739,0,619,4384,849,547,2369,0,200,329,3189,507,3252,402,699,118,0,347,121,221,144,0,11208,9887,25222,172812
Totals:,,,,,,,,,,,,,,139490,48999,12169,11767,25156,15331,17381,18728,7033,50423,23085,25761,20011,16823,10764,9502,8686,13669,1361,2597,7655,4113,14,1541,17650,6524,2279,8586,23,731,1917,12435,2136,11250,5958,2166,516,158,1178,474,665,583,10,53434,34400,94126
